Player,Date,Time,TimeOfDay,Clues
SPK,2017-09-25,2:42,NA,NA
SPK,2017-09-26,0:53,NA,NA
SPK,2017-09-27,3:32,NA,NA
SPK,2017-10-02,1:59,NA,NA
SPK,2017-10-03,0:35,NA,NA
SPK,2017-10-07,2:53,NA,NA
SPK,2017-10-13,3:56,NA,NA
SPK,2017-10-16,1:01,NA,NA
SPK,2017-10-17,1:06,NA,NA
SPK,2017-10-18,7:35,NA,NA
SPK,2017-10-19,2:30,NA,NA
SPK,2017-10-20,1:00,NA,NA
SPK,2017-10-25,1:32,NA,NA
SPK,2017-10-27,0:55,NA,NA
SPK,2017-10-30,2:37,NA,NA
SPK,2017-10-31,3:30,NA,NA
SPK,2017-11-01,1:26,NA,NA
SPK,2017-11-02,2:50,NA,NA
SPK,2017-11-03,1:26,NA,NA
SPK,2017-11-06,3:24,NA,NA
SPK,2017-11-08,5:43,NA,NA
SPK,2017-11-09,1:24,NA,NA
SPK,2017-11-10,0:41,NA,NA
SPK,2017-11-13,1:09,NA,NA
SPK,2017-11-15,3:14,NA,NA
SPK,2017-11-16,1:18,NA,NA
SPK,2017-11-17,1:00,NA,NA
SPK,2017-11-20,1:25,NA,NA
SPK,2017-11-21,2:26,NA,NA
SPK,2017-11-22,2:27,NA,NA
SPK,2017-11-27,1:34,NA,NA
SPK,2017-11-29,1:15,NA,NA
SPK,2017-11-30,2:26,NA,NA
SPK,2017-12-01,4:07,NA,NA
SPK,2017-12-03,2:16,NA,NA
SPK,2017-12-04,1:13,NA,NA
SPK,2017-12-05,2:46,NA,NA
SPK,2017-12-06,4:42,NA,NA
SPK,2017-12-07,6:21,NA,NA
SPK,2017-12-12,4:32,NA,NA
SPK,2017-12-13,0:51,NA,NA
SPK,2017-12-14,1:18,NA,NA
SPK,2017-12-15,0:29,NA,NA
SPK,2017-12-18,3:04,NA,NA
SPK,2017-12-20,4:04,NA,NA
SPK,2017-12-21,4:34,NA,NA
SPK,2017-12-24,2:08,NA,NA
SPK,2017-12-30,0:39,NA,NA
SPK,2018-01-02,1:46,NA,NA
SPK,2018-01-03,1:38,NA,NA
SPK,2018-01-04,1:11,NA,NA
SPK,2018-01-05,1:45,NA,NA
SPK,2018-01-06,2:18,NA,NA
SPK,2018-01-07,0:51,NA,NA
SPK,2018-01-08,2:05,NA,NA
SPK,2018-01-09,6:08,NA,NA
SPK,2018-01-10,0:43,NA,NA
SPK,2018-01-11,2:55,NA,NA
SPK,2018-01-12,3:14,NA,NA
SPK,2018-01-15,1:02,NA,NA
SPK,2018-01-16,2:05,NA,NA
SPK,2018-01-17,1:52,NA,NA
SPK,2018-01-18,2:16,NA,NA
SPK,2018-01-19,2:06,NA,NA
SPK,2018-01-20,2:46,NA,NA
SPK,2018-01-22,1:02,NA,NA
SPK,2018-01-23,2:16,NA,NA
SPK,2018-01-24,2:24,NA,NA
SPK,2018-01-25,1:42,NA,NA
SPK,2018-01-26,1:27,NA,NA
SPK,2018-01-29,3:58,NA,NA
SPK,2018-01-30,2:04,NA,NA
SPK,2018-01-31,1:27,NA,NA
SPK,2018-02-02,0:53,NA,NA
SPK,2018-02-04,1:07,NA,NA
SPK,2018-02-05,0:56,NA,NA
SPK,2018-02-06,3:11,NA,NA
SPK,2018-02-07,0:45,NA,NA
SPK,2018-02-08,1:58,NA,NA
SPK,2018-02-11,1:50,NA,NA
SPK,2018-02-12,1:26,NA,NA
SPK,2018-02-14,3:04,NA,NA
SPK,2018-02-15,1:29,NA,NA
SPK,2018-02-16,1:44,NA,NA
SPK,2018-02-22,2:24,NA,NA
SPK,2018-02-23,1:47,NA,NA
SPK,2018-02-25,2:36,NA,NA
SPK,2018-02-27,6:56,NA,NA
SPK,2018-02-28,1:01,NA,NA
SPK,2018-03-01,1:32,NA,NA
SPK,2018-03-02,1:06,NA,NA
SPK,2018-03-03,3:36,NA,NA
SPK,2018-03-05,3:02,NA,NA
SPK,2018-03-06,2:03,NA,NA
SPK,2018-03-07,3:03,NA,NA
SPK,2018-03-08,0:49,NA,NA
SPK,2018-03-09,2:46,NA,NA
SPK,2018-03-12,2:19,NA,NA
SPK,2018-03-13,4:27,NA,NA
SPK,2018-03-14,0:29,NA,NA
SPK,2018-03-15,4:01,NA,NA
SPK,2018-03-16,1:10,NA,NA
SPK,2018-03-20,1:31,NA,NA
SPK,2018-03-21,0:56,NA,NA
SPK,2018-03-22,1:24,NA,NA
SPK,2018-03-23,1:40,NA,NA
SPK,2018-03-24,2:04,NA,NA
SPK,2018-03-26,2:04,NA,NA
SPK,2018-03-28,2:43,NA,NA
SPK,2018-03-29,2:46,NA,NA
SPK,2018-03-30,1:56,NA,NA
SPK,2018-04-02,2:18,NA,NA
SPK,2018-04-04,0:49,NA,NA
SPK,2018-04-05,1:21,NA,NA
SPK,2018-04-06,1:15,NA,NA
SPK,2018-04-09,1:13,NA,NA
SPK,2018-04-10,2:04,NA,NA
SPK,2018-04-12,1:53,NA,NA
SPK,2018-04-13,1:05,NA,NA
SPK,2018-04-17,0:20,NA,NA
SPK,2018-04-19,1:13,NA,NA
SPK,2018-04-20,0:59,NA,NA
SPK,2018-04-21,3:13,NA,NA
SPK,2018-04-22,1:43,NA,NA
SPK,2018-04-24,2:33,NA,NA
SPK,2018-04-26,1:45,NA,NA
SPK,2018-05-01,1:23,NA,NA
SPK,2018-05-02,1:12,NA,NA
SPK,2018-05-03,2:45,NA,NA
SPK,2018-05-08,3:43,NA,NA
SPK,2018-05-09,1:06,12:10,NA
JAK,2018-05-09,1:42,18:03,NA
SPK,2018-05-10,2:00,NA,NA
SPK,2018-05-14,1:56,NA,NA
SPK,2018-05-15,3:40,NA,NA
SPK,2018-05-16,1:40,9:50,NA
JAK,2018-05-16,1:36,11:50,NA
JIK,2018-05-16,1:05,11:50,NA
SPK,2018-05-17,0:59,NA,NA
SPK,2018-05-20,1:41,NA,NA
JIK,2018-05-20,1:14,NA,NA
SPK,2018-05-21,0:54,8:41,NA
JAK,2018-05-21,0:50,10:55,NA
SPK,2018-05-22,2:37,NA,NA
SPK,2018-05-23,1:18,NA,NA
SPK,2018-05-24,1:05,9:04,NA
JAK,2018-05-24,1:35,11:41,NA
SPK,2018-05-25,0:18,9:04,NA
SPK,2018-05-26,3:41,NA,NA
SPK,2018-05-29,0:40,NA,NA
SPK,2018-05-30,0:48,10:25,NA
JAK,2018-05-30,0:46,12:22,NA
JIK,2018-05-30,1:19,19:50,NA
JAK,2018-05-31,0:46,19:57,NA
JIK,2018-05-31,0:27,20:02,NA
SPK,2018-06-01,2:20,NA,NA
SPK,2018-06-02,2:44,NA,NA
SPK,2018-06-06,0:41,11:26,NA
JAK,2018-06-06,1:21,18:49,NA
JIK,2018-06-06,0:47,18:49,NA
JAK,2018-06-07,1:27,NA,NA
SPK,2018-06-07,0:50,13:08,NA
JIK,2018-06-07,1:15,20:39,NA
JAK,2018-06-08,1:36,11:54,NA
JIK,2018-06-08,1:37,19:03,NA
SPK,2018-06-08,2:29,10:00,NA
SPK,2018-06-11,2:44,NA,NA
SPK,2018-06-13,3:32,NA,NA
JIK,2018-06-13,0:51,19:12,NA
SPK,2018-06-14,0:57,9:11,NA
JAK,2018-06-14,3:45,12:13,NA
SPK,2018-06-15,0:44,NA,NA
SPK,2018-06-18,1:46,NA,NA
SPK,2018-06-19,3:00,NA,NA
SPK,2018-06-20,1:10,16:25,NA
JAK,2018-06-20,3:59,18:23,NA
JIK,2018-06-20,3:51,18:23,NA
SPK,2018-06-21,1:19,NA,NA
SPK,2018-06-22,3:26,NA,NA
SPK,2018-06-25,2:56,NA,NA
SPK,2018-06-26,0:56,14:27,NA
JAK,2018-06-26,1:41,19:27,NA
JIK,2018-06-26,0:46,20:29,NA
SPK,2018-06-27,3:24,NA,NA
SPK,2018-06-28,0:48,16:18,NA
JAK,2018-06-28,1:08,19:35,NA
SPK,2018-07-03,1:39,14:26,NA
JIK,2018-07-03,0:55,20:41,NA
JAK,2018-07-03,1:27,20:41,NA
SPK,2018-07-04,1:07,NA,NA
SPK,2018-07-05,1:13,NA,NA
JAK,2018-07-05,2:07,21:02,NA
JIK,2018-07-05,1:00,21:02,NA
SPK,2018-07-06,0:36,10:51,NA
JAK,2018-07-06,1:41,20:42,NA
JAK,2018-07-09,1:58,NA,NA
JIK,2018-07-09,1:59,NA,NA
SPK,2018-07-10,1:44,NA,NA
JAK,2018-07-10,1:57,NA,NA
JIK,2018-07-10,0:55,NA,NA
SPK,2018-07-11,0:31,NA,NA
SPK,2018-07-13,0:46,NA,NA
SPK,2018-07-17,1:10,9:13,NA
JAK,2018-07-17,1:02,13:59,NA
JIK,2018-07-17,0:55,19:41,NA
SPK,2018-07-18,0:46,9:19,NA
JAK,2018-07-18,1:06,12:52,NA
JIK,2018-07-18,0:31,16:00,NA
SPK,2018-07-19,2:01,NA,NA
SPK,2018-07-23,1:38,10:46,NA
JAK,2018-07-23,1:39,12:47,NA
JIK,2018-07-23,0:57,20:45,NA
SPK,2018-07-24,1:40,14:22,NA
SPK,2018-07-25,1:05,17:30,NA
SPK,2018-07-26,1:46,NA,NA
SPK,2018-07-27,1:35,NA,NA
SPK,2018-07-30,2:15,NA,NA
SPK,2018-07-31,1:18,9:23,NA
JAK,2018-07-31,1:48,9:43,NA
SPK,2018-08-01,1:25,NA,NA
SPK,2018-08-02,0:46,16:50,NA
JAK,2018-08-02,1:10,19:44,NA
JIK,2018-08-02,0:38,19:42,NA
SPK,2018-08-03,3:03,NA,NA
SPK,2018-08-06,0:55,11:45,NA
JAK,2018-08-06,2:44,15:03,NA
SPK,2018-08-07,0:41,14:20,NA
JAK,2018-08-07,1:15,17:10,NA
JIK,2018-08-07,0:39,20:05,NA
SPK,2018-08-08,3:53,NA,NA
SPK,2018-08-09,0:55,NA,NA
JAK,2018-08-09,2:24,NA,NA
JIK,2018-08-09,2:20,NA,NA
SPK,2018-08-10,1:44,NA,NA
JAK,2018-08-10,1:42,NA,NA
JAK,2018-08-11,2:30,NA,NA
JIK,2018-08-11,3:19,NA,NA
SKK,2018-08-11,1:29,NA,NA
SKK,2018-08-12,0:21,NA,NA
JAK,2018-08-14,2:02,NA,NA
JAK,2018-08-18,2:44,NA,NA
JIK,2018-08-18,1:33,NA,NA
SPK,2018-08-20,1:20,NA,NA
JAK,2018-08-20,1:38,NA,NA
SPK,2018-08-21,1:21,12:44,NA
SPK,2018-08-22,2:32,NA,NA
JAK,2018-08-22,0:58,NA,NA
JIK,2018-08-22,1:07,NA,NA
SPK,2018-08-23,1:29,NA,NA
JIK,2018-08-23,0:49,NA,NA
JAK,2018-08-23,2:40,NA,NA
SPK,2018-08-24,0:53,NA,NA
JAK,2018-08-24,1:35,NA,NA
JIK,2018-08-24,0:40,NA,NA
JAK,2018-08-27,4:24,NA,NA
SPK,2018-08-27,3:09,NA,NA
SPK,2018-08-28,2:25,NA,NA
JAK,2018-08-28,3:20,NA,NA
JIK,2018-08-28,0:49,NA,NA
SPK,2018-08-29,1:50,NA,NA
JIK,2018-08-29,2:17,NA,NA
JAK,2018-08-29,2:39,12:12,NA
SPK,2018-08-30,1:37,14:04,NA
JAK,2018-08-30,1:51,12:10,NA
JIK,2018-08-30,1:55,12:20,NA
SPK,2018-08-31,3:02,14:19,NA
JAK,2018-08-31,1:47,13:23,NA
SPK,2018-09-01,3:14,12:36,NA
JAK,2018-09-04,1:47,13:38,NA
JIK,2018-09-04,0:56,14:00,NA
SPK,2018-09-05,0:40,8:45,NA
JIK,2018-09-05,0:31,11:30,NA
JAK,2018-09-05,0:49,12:08,NA
SPK,2018-09-06,1:54,9:45,NA
JAK,2018-09-06,1:53,12:25,NA
JIK,2018-09-06,1:57,12:41,NA
JAK,2018-09-07,2:27,12:38,NA
SPK,2018-09-10,0:51,9:06,NA
JIK,2018-09-10,0:43,11:10,NA
JAK,2018-09-10,2:11,12:10,NA
SPK,2018-09-11,2:24,11:01,NA
JAK,2018-09-11,1:38,12:48,NA
JIK,2018-09-11,0:47,12:53,NA
SPK,2018-09-12,1:34,9:36,NA
JIK,2018-09-12,1:21,11:39,NA
SPK,2018-09-13,1:58,8:42,NA
JAK,2018-09-13,2:55,19:48,NA
JIK,2018-09-13,0:57,19:49,NA
SPK,2018-09-14,1:55,NA,NA
SPK,2018-09-15,1:46,9:58,NA
JIK,2018-09-15,1:53,12:04,NA
JAK,2018-09-15,4:02,12:57,NA
SPK,2018-09-16,1:32,9:53,NA
JIK,2018-09-16,0:45,12:03,NA
JAK,2018-09-16,0:32,12:10,NA
SPK,2018-09-17,1:21,10:23,NA
JAK,2018-09-17,3:32,12:57,NA
JIK,2018-09-17,1:33,14:13,NA
SPK,2018-09-18,2:41,13:32,NA
JAK,2018-09-18,1:57,13:08,NA
JIK,2018-09-18,0:53,15:22,NA
SPK,2018-09-19,2:22,13:36,NA
JIK,2018-09-19,3:42,15:41,NA
JAK,2018-09-19,3:32,17:04,NA
SPK,2018-09-20,3:02,NA,NA
SPK,2018-09-24,1:18,10:17,NA
JAK,2018-09-24,1:25,12:15,NA
JIK,2018-09-24,1:34,14:07,NA
SPK,2018-09-25,1:29,9:38,NA
JIK,2018-09-25,2:59,12:12,NA
JAK,2018-09-25,1:48,13:06,NA
SPK,2018-09-26,0:59,10:31,NA
JAK,2018-09-26,3:02,18:40,NA
SPK,2018-09-27,3:00,14:29,NA
JIK,2018-09-27,1:02,16:44,NA
SPK,2018-09-28,2:04,16:23,NA
JAK,2018-09-28,0:58,16:34,NA
JIK,2018-09-28,1:11,16:36,NA
BBK,2018-09-28,2:59,16:40,NA
SKK,2018-09-28,0:49,NA,NA
JAK,2018-10-01,2:35,14:48,NA
JIK,2018-10-01,1:12,14:50,NA
JAK,2018-10-02,1:22,14:59,NA
JIK,2018-10-02,3:42,14:53,NA
SPK,2018-10-02,2:24,15:15,NA
JAK,2018-10-03,1:10,11:38,NA
JIK,2018-10-03,1:15,11:47,NA
JAK,2018-10-04,1:55,18:25,NA
SPK,2018-10-04,1:34,16:46,NA
SPK,2018-10-05,1:45,8:27,NA
JAK,2018-10-05,1:07,13:13,NA
JIK,2018-10-05,0:50,14:22,NA
SPK,2018-10-06,1:57,13:04,NA
JAK,2018-10-06,2:16,14:54,NA
JIK,2018-10-06,1:47,14:56,NA
JAK,2018-10-07,1:28,10:54,NA
JIK,2018-10-07,3:27,13:48,NA
SPK,2018-10-07,1:03,12:15,NA
SPK,2018-10-08,1:54,10:26,NA
JAK,2018-10-08,1:37,12:29,NA
JIK,2018-10-08,1:48,13:04,NA
JAK,2018-10-09,2:36,13:20,NA
JIK,2018-10-09,0:39,13:22,NA
SPK,2018-10-10,0:54,10:35,NA
JAK,2018-10-10,0:57,15:52,NA
JIK,2018-10-10,0:42,16:00,NA
JAK,2018-10-11,1:21,12:18,NA
SPK,2018-10-15,3:13,9:29,NA
JIK,2018-10-16,3:14,12:42,NA
JAK,2018-10-16,1:01,14:03,NA
SPK,2018-10-16,2:41,13:00,NA
JAK,2018-10-17,1:59,19:28,NA
SPK,2018-10-18,1:25,15:37,NA
SPK,2018-10-22,1:26,18:46,NA
JAK,2018-10-22,1:22,11:58,NA
JIK,2018-10-22,2:22,13:05,NA
JAK,2018-10-23,1:16,20:27,NA
SPK,2018-10-25,0:46,11:22,NA
JIK,2018-10-25,0:47,13:41,NA
SPK,2018-10-26,1:49,9:39,NA
JAK,2018-10-26,1:04,11:49,NA
SPK,2018-10-29,0:37,10:00,NA
JAK,2018-10-29,1:06,12:05,NA
SPK,2018-10-31,0:42,11:31,NA
JIK,2018-10-31,0:36,13:49,NA
JAK,2018-10-31,1:13,14:13,NA
SPK,2018-11-01,0:31,13:48,NA
JAK,2018-11-01,0:39,15:37,NA
JIK,2018-11-01,0:42,15:42,NA
JAK,2018-11-02,0:53,14:54,NA
JIK,2018-11-02,1:16,15:54,NA
SPK,2018-11-03,3:18,10:06,NA
JAK,2018-11-03,3:15,12:43,NA
JAK,2018-11-05,2:03,12:29,NA
JIK,2018-11-05,3:06,13:57,NA
JAK,2018-11-07,1:43,8:30,NA
SPK,2018-11-08,1:51,15:11,NA
JAK,2018-11-08,3:50,12:52,NA
JIK,2018-11-08,0:32,12:55,NA
SPK,2018-11-10,1:23,7:16,NA
JAK,2018-11-10,6:28,9:17,NA
SPK,2018-11-21,0:51,14:52,NA
JIK,2018-11-21,1:52,17:03,NA
JAK,2018-11-22,1:01,9:35,NA
JIK,2018-11-22,1:28,11:13,NA
JAK,2018-11-23,1:24,12:34,NA
SPK,2018-11-23,1:25,11:22,NA
JIK,2018-11-23,1:19,15:09,NA
SPK,2018-11-26,0:52,13:55,NA
JAK,2018-11-26,1:25,17:01,NA
JIK,2018-11-26,1:21,17:08,NA
SPK,2018-11-27,0:36,11:53,NA
JIK,2018-11-27,0:42,13:57,NA
JAK,2018-11-27,2:17,18:16,NA
SPK,2018-11-28,0:36,14:29,NA
JAK,2018-11-29,1:14,12:58,NA
SPK,2018-11-30,1:40,9:47,NA
JAK,2018-11-30,4:44,19:05,NA
JAK,2018-12-01,3:42,11:24,NA
JAK,2018-12-02,0:51,19:28,NA
JIK,2018-12-02,0:46,17:10,NA
JAK,2018-12-03,1:00,12:03,NA
SPK,2018-12-03,0:41,10:17,NA
JIK,2018-12-03,0:59,12:39,NA
JAK,2018-12-04,1:15,12:50,NA
SPK,2018-12-05,1:14,8:45,NA
JAK,2018-12-05,1:01,11:46,NA
JIK,2018-12-05,0:51,11:30,NA
JAK,2018-12-06,1:16,12:23,NA
SPK,2018-12-10,1:00,9:21,NA
JAK,2018-12-10,2:07,11:47,NA
JIK,2018-12-10,1:31,12:04,NA
SPK,2018-12-11,1:58,9:56,NA
JIK,2018-12-11,1:13,12:09,NA
JAK,2018-12-11,1:11,12:41,NA
JAK,2018-12-12,1:04,15:29,NA
JIK,2018-12-12,0:48,15:33,NA
JAK,2018-12-13,1:26,19:25,NA
JIK,2018-12-13,2:42,19:29,NA
JAK,2018-12-14,1:34,12:44,NA
SPK,2018-12-14,1:18,14:12,NA
SPK,2018-12-17,0:39,10:25,NA
JAK,2018-12-17,1:31,12:39,NA
JIK,2018-12-17,0:49,15:37,NA
JIK,2018-12-18,0:49,13:41,NA
JAK,2018-12-18,2:19,14:34,NA
SPK,2018-12-18,1:21,14:30,NA
SPK,2018-12-19,0:51,8:58,NA
JIK,2018-12-19,0:48,11:55,NA
JAK,2018-12-19,1:41,13:13,NA
SPK,2018-12-21,1:14,9:35,NA
SPK,2018-12-22,1:58,9:40,NA
JIK,2018-12-22,1:25,7:31,NA
JAK,2018-12-22,1:55,6:30,NA
JAK,2018-12-26,1:49,11:17,NA
JIK,2018-12-26,2:38,14:38,NA
SPK,2018-12-26,1:02,13:05,NA
SPK,2018-12-27,2:17,9:56,NA
JAK,2018-12-27,1:10,5:44,NA
JAK,2018-12-28,1:40,12:06,NA
JIK,2018-12-28,1:17,13:37,NA
SPK,2018-12-30,0:59,9:20,NA
JIK,2018-12-30,1:32,14:17,NA
SPK,2018-12-31,1:40,11:23,NA
JIK,2018-12-31,0:58,13:38,NA
SPK,2019-01-01,0:54,11:22,NA
JAK,2019-01-01,1:15,16:58,NA
JIK,2019-01-01,1:00,17:38,NA
SPK,2019-01-02,2:52,13:02,NA
JAK,2019-01-02,0:54,14:54,NA
JIK,2019-01-02,2:44,15:46,NA
SPK,2019-01-03,1:05,10:20,NA
JIK,2019-01-03,0:57,13:33,NA
JAK,2019-01-03,2:51,19:15,NA
SPK,2019-01-04,0:54,9:10,NA
JAK,2019-01-04,1:02,12:53,NA
JIK,2019-01-04,0:51,14:05,NA
SPK,2019-01-05,3:34,12:56,NA
SPK,2019-01-07,2:56,10:22,NA
JAK,2019-01-07,1:36,12:39,NA
JAK,2019-01-09,2:49,12:52,NA
JIK,2019-01-09,0:43,13:05,NA
JAK,2019-01-10,3:18,12:18,NA
JIK,2019-01-10,4:24,12:22,NA
SPK,2019-01-10,4:10,11:39,NA
JAK,2019-01-11,0:50,12:04,NA
SPK,2019-01-11,0:58,10:15,NA
JIK,2019-01-11,0:36,13:00,NA
JAK,2019-01-14,0:46,12:51,NA
JIK,2019-01-14,2:39,13:14,NA
SPK,2019-01-15,0:56,13:25,NA
JIK,2019-01-15,0:49,15:32,NA
JAK,2019-01-16,2:20,11:44,NA
JIK,2019-01-16,1:07,11:53,NA
SPK,2019-01-16,1:24,11:26,NA
SPK,2019-01-17,0:24,16:30,NA
JAK,2019-01-17,2:28,11:45,NA
SPK,2019-01-18,0:48,9:15,NA
JAK,2019-01-18,1:03,12:18,NA
SPK,2019-01-21,0:45,14:30,NA
JAK,2019-01-21,0:48,16:35,NA
JIK,2019-01-21,0:50,17:18,NA
JAK,2019-01-22,3:33,13:02,NA
JIK,2019-01-22,1:35,13:07,NA
SPK,2019-01-22,2:25,15:35,NA
SPK,2019-01-23,0:45,14:44,NA
JAK,2019-01-24,1:23,11:55,NA
JIK,2019-01-24,1:11,12:54,NA
SPK,2019-01-24,0:49,14:30,NA
JAK,2019-01-25,1:29,13:13,NA
SPK,2019-01-25,0:38,11:30,NA
SPK,2019-01-28,1:36,9:43,NA
JIK,2019-01-28,1:44,11:57,NA
JAK,2019-01-28,1:23,12:04,NA
SPK,2019-01-29,4:43,18:28,NA
JAK,2019-01-29,5:31,19:57,NA
JAK,2019-01-30,2:09,12:39,NA
JIK,2019-01-30,0:44,12:54,NA
SPK,2019-01-30,2:57,11:58,NA
JAK,2019-01-31,1:18,11:49,NA
JIK,2019-01-31,1:44,11:51,NA
SPK,2019-02-01,2:09,10:00,NA
JAK,2019-02-01,5:11,13:05,NA
JAK,2019-02-03,2:13,16:57,NA
JIK,2019-02-03,3:57,17:03,NA
SPK,2019-02-04,2:09,17:10,NA
JIK,2019-02-04,1:23,19:18,NA
JAK,2019-02-04,6:09,19:26,NA
SPK,2019-02-05,0:41,9:35,NA
JIK,2019-02-05,0:57,12:00,NA
SPK,2019-02-06,0:27,12:30,NA
JIK,2019-02-06,0:13,14:40,NA
JAK,2019-02-06,0:59,14:47,NA
JAK,2019-02-07,1:11,12:31,NA
JIK,2019-02-07,0:41,12:34,NA
SPK,2019-02-07,1:24,11:25,NA
JAK,2019-02-08,1:34,12:03,NA
JIK,2019-02-08,3:44,12:07,NA
SPK,2019-02-08,2:46,12:05,NA
JAK,2019-02-10,0:55,13:22,NA
JIK,2019-02-10,0:31,14:13,NA
SPK,2019-02-11,0:46,14:35,NA
JIK,2019-02-11,0:29,16:40,NA
JAK,2019-02-12,1:46,20:06,NA
SPK,2019-02-13,0:47,11:00,NA
JIK,2019-02-13,1:15,13:05,NA
SPK,2019-02-19,1:01,11:30,NA
JIK,2019-02-19,0:40,13:52,NA
JAK,2019-02-19,1:12,14:24,NA
SPK,2019-02-20,1:05,9:00,NA
SPK,2019-02-21,0:43,9:40,NA
BBK,2019-02-22,1:07,19:02,NA
JIK,2019-02-22,0:22,10:56,NA
JAK,2019-02-22,0:49,19:28,NA
SPK,2019-02-23,2:39,12:17,NA
JAK,2019-02-23,2:36,12:07,NA
BBK,2019-02-23,3:00,19:18,NA
JIK,2019-02-23,3:30,13:28,NA
SPK,2019-02-24,1:51,11:09,NA
JIK,2019-02-25,1:05,17:12,NA
SPK,2019-02-25,1:19,10:15,NA
JAK,2019-02-26,1:10,14:15,NA
JIK,2019-02-26,3:59,20:15,NA
JIK,2019-02-27,0:51,9:26,NA
JAK,2019-02-27,1:28,19:25,NA
JAK,2019-02-28,2:42,14:15,NA
JIK,2019-02-28,2:19,14:20,NA
JIK,2019-03-01,1:03,10:47,NA
JAK,2019-03-01,2:50,12:15,NA
BBK,2019-03-02,5:43,21:32,NA
JIK,2019-03-02,3:45,14:50,NA
BBK,2019-03-03,2:15,21:02,NA
JAK,2019-03-03,2:17,12:08,NA
BBK,2019-03-04,1:18,19:56,NA
JAK,2019-03-04,1:04,12:45,NA
JIK,2019-03-04,0:17,12:59,NA
BBK,2019-03-05,1:47,20:23,NA
JAK,2019-03-05,1:25,19:07,NA
BBK,2019-03-06,1:47,20:42,NA
JAK,2019-03-06,1:35,13:15,NA
JIK,2019-03-07,1:16,22:11,NA
SPK,2019-03-07,3:54,15:00,NA
SPK,2019-03-08,1:26,10:00,NA
BBK,2019-03-08,0:47,21:19,NA
JIK,2019-03-08,3:25,8:42,NA
JAK,2019-03-08,2:02,20:20,NA
SPK,2019-03-09,3:40,11:15,NA
JIK,2019-03-12,0:59,17:11,NA
JAK,2019-03-12,0:51,17:15,NA
SPK,2019-03-13,1:55,12:45,NA
BBK,2019-03-14,1:42,19:47,NA
JAK,2019-03-14,1:40,20:31,NA
BBK,2019-03-15,1:42,20:06,NA
BBK,2019-03-16,3:01,20:24,NA
BBK,2019-03-17,1:37,19:12,NA
SPK,2019-03-18,0:47,10:35,NA
JIK,2019-03-18,0:39,12:51,NA
JAK,2019-03-18,1:20,19:38,NA
SPK,2019-03-19,0:56,7:51,NA
SPK,2019-03-20,0:54,11:48,NA
JIK,2019-03-20,1:31,14:01,NA
JAK,2019-03-20,2:25,18:15,NA
JAK,2019-03-21,4:13,19:01,NA
BBK,2019-03-22,1:29,20:24,NA
JAK,2019-03-22,1:33,12:55,NA
SPK,2019-03-25,1:21,10:22,NA
JAK,2019-03-25,1:09,12:37,NA
BBK,2019-03-26,2:47,20:40,NA
JAK,2019-03-26,1:15,18:52,NA
JAK,2019-03-27,1:35,13:14,NA
JAK,2019-03-29,1:37,12:55,NA
JIK,2019-03-29,1:39,13:01,NA
SPK,2019-03-29,0:52,11:30,NA
SPK,2019-03-30,5:26,9:18,NA
BBK,2019-03-30,4:13,20:08,NA
JAK,2019-03-30,3:36,6:05,NA
JIK,2019-03-31,0:36,17:13,NA
BBK,2019-04-01,1:21,20:16,NA
BBK,2019-04-02,1:27,19:55,NA
JAK,2019-04-05,2:15,12:42,NA
JIK,2019-04-07,0:54,19:07,NA
JIK,2019-04-08,0:57,17:13,NA
JAK,2019-04-08,1:38,13:45,NA
SPK,2019-04-08,1:01,13:28,NA
JIK,2019-04-09,1:06,21:13,NA
JAK,2019-04-09,1:05,12:55,NA
JIK,2019-04-10,0:47,22:37,NA
BBK,2019-04-10,0:42,20:50,NA
SPK,2019-04-10,0:49,11:10,NA
SPK,2019-04-11,0:56,13:41,NA
JIK,2019-04-11,1:01,21:31,NA
BBK,2019-04-11,1:02,19:52,NA
JAK,2019-04-11,1:49,11:45,NA
BBK,2019-04-12,1:29,20:10,NA
JIK,2019-04-12,0:38,21:13,NA
BBK,2019-04-13,2:20,20:35,NA
JAK,2019-04-13,4:35,8:14,NA
SPK,2019-04-13,3:18,9:50,NA
JIK,2019-04-15,0:51,17:35,NA
SPK,2019-04-15,0:34,8:20,NA
SPK,2019-04-16,1:07,14:45,NA
JIK,2019-04-16,0:51,22:47,NA
JAK,2019-04-16,1:37,18:53,NA
BBK,2019-04-17,1:19,20:20,NA
JAK,2019-04-17,1:10,19:06,NA
JIK,2019-04-17,1:17,19:33,NA
JAK,2019-04-18,4:03,12:14,NA
SPK,2019-04-18,2:00,10:18,NA
JIK,2019-04-18,1:49,12:34,NA
BBK,2019-04-19,2:14,20:45,NA
SPK,2019-04-19,1:16,10:05,NA
JAK,2019-04-19,1:03,12:32,NA
BBK,2019-04-20,3:25,21:00,NA
JAK,2019-04-20,2:46,13:21,NA
JIK,2019-04-20,3:51,13:41,NA
JIK,2019-04-21,0:26,18:15,NA
SPK,2019-04-22,0:47,10:42,NA
JAK,2019-04-22,0:46,19:23,NA
SPK,2019-04-23,1:27,16:25,NA
SPK,2019-04-24,2:17,9:50,NA
JIK,2019-04-24,0:45,22:41,NA
BBK,2019-04-24,1:20,20:11,NA
JAK,2019-04-24,0:58,19:01,NA
BBK,2019-04-25,1:02,19:55,NA
SPK,2019-04-25,0:43,11:15,NA
SPK,2019-04-26,1:23,15:15,NA
JIK,2019-04-26,1:03,11:53,NA
JAK,2019-04-26,0:40,13:09,NA
BBK,2019-04-26,1:50,20:18,NA
BBK,2019-04-27,5:50,22:10,NA
JIK,2019-04-28,0:45,17:15,NA
JAK,2019-04-28,1:38,8:09,NA
JAK,2019-04-29,2:31,12:17,NA
SPK,2019-04-29,1:53,11:25,NA
JIK,2019-04-29,1:25,13:25,NA
JIK,2019-04-30,1:49,21:15,NA
BBK,2019-04-30,2:02,19:33,NA
JAK,2019-04-30,1:39,12:52,NA
SPK,2019-04-30,1:35,14:00,NA
SPK,2019-05-01,0:52,16:02,NA
BBK,2019-05-01,1:33,19:24,NA
BBK,2019-05-06,1:49,19:42,NA
JAK,2019-05-06,1:05,11:56,NA
SPK,2019-05-06,1:07,11:40,NA
BBK,2019-05-07,2:17,20:15,NA
JIK,2019-05-07,3:15,22:19,NA
SPK,2019-05-07,1:55,8:32,NA
JAK,2019-05-07,1:38,12:39,NA
JIK,2019-05-08,0:36,21:17,NA
SPK,2019-05-08,0:54,10:28,NA
JAK,2019-05-08,1:35,19:45,NA
SPK,2019-05-09,3:24,9:15,NA
SPK,2019-05-10,0:55,8:45,NA
BBK,2019-05-10,0:52,19:26,NA
JAK,2019-05-10,1:26,15:34,NA
JIK,2019-05-10,0:57,16:53,NA
JIK,2019-05-12,1:02,18:41,NA
SPK,2019-05-13,2:15,10:00,NA
JAK,2019-05-13,1:56,12:36,NA
SPK,2019-05-15,0:36,11:02,NA
JAK,2019-05-15,0:49,12:52,NA
JAK,2019-05-16,1:17,12:25,NA
BBK,2019-05-16,1:47,18:55,NA
BBK,2019-05-17,2:21,20:35,NA
BBK,2019-05-18,1:46,19:40,NA
JAK,2019-05-21,1:03,12:31,NA
JIK,2019-05-22,0:35,22:01,NA
JAK,2019-05-22,0:53,19:28,NA
SPK,2019-05-22,1:02,8:31,NA
BBK,2019-05-23,1:50,19:20,NA
JIK,2019-05-23,0:58,21:45,NA
SPK,2019-05-23,1:21,9:58,NA
JAK,2019-05-23,1:34,20:08,NA
JAK,2019-05-24,1:34,12:43,NA
JIK,2019-05-26,0:31,17:21,NA
SPK,2019-05-29,1:12,9:25,NA
JAK,2019-05-29,1:47,19:30,NA
JIK,2019-05-29,1:07,20:41,NA
BBK,2019-05-30,1:24,20:41,NA
SPK,2019-05-30,1:32,9:39,NA
JIK,2019-05-30,1:23,16:31,NA
JAK,2019-05-31,1:54,18:01,NA
JAK,2019-06-04,1:22,12:10,NA
SPK,2019-06-11,1:16,9:50,NA
SPK,2019-06-12,3:38,9:45,NA
JAK,2019-06-13,0:29,12:23,NA
BBK,2019-06-13,1:28,20:50,NA
SPK,2019-06-13,0:46,10:45,NA
JIK,2019-06-13,0:57,14:25,NA
SPK,2019-06-14,2:07,13:58,NA
SPK,2019-06-16,0:57,10:34,NA
SPK,2019-06-20,1:29,12:25,NA
SPK,2019-06-21,2:14,16:55,NA
JAK,2019-06-24,1:06,9:03,NA
SPK,2019-06-24,1:34,9:50,NA
SPK,2019-06-25,1:18,16:30,NA
JAK,2019-06-26,2:10,12:15,NA
JIK,2019-06-26,1:57,18:11,NA
SPK,2019-06-26,1:38,16:35,NA
SPK,2019-06-27,0:42,11:40,NA
JIK,2019-06-27,1:37,14:03,NA
JAK,2019-06-27,0:44,19:01,NA
JAK,2019-06-28,0:52,12:09,NA
JIK,2019-06-29,2:35,16:05,NA
JAK,2019-06-29,7:34,16:11,NA
SPK,2019-07-01,1:06,10:35,NA
JAK,2019-07-01,0:51,12:52,NA
BBK,2019-07-02,1:07,20:56,NA
JAK,2019-07-02,3:24,13:38,NA
BBK,2019-07-03,1:35,19:26,NA
SPK,2019-07-03,0:57,11:35,NA
BBK,2019-07-07,0:52,21:51,NA
JAK,2019-07-16,0:59,12:03,NA
SPK,2019-07-16,1:41,16:12,NA
BBK,2019-07-17,1:10,20:58,NA
SPK,2019-07-19,1:37,8:35,NA
JAK,2019-07-19,1:54,12:15,NA
SPK,2019-07-24,1:39,8:26,NA
BBK,2019-07-24,1:42,10:27,NA
JAK,2019-07-24,1:29,19:44,NA
BBK,2019-07-26,2:00,19:32,NA
JAK,2019-07-26,0:59,12:34,NA
SPK,2019-07-26,0:54,10:45,NA
JIK,2019-07-26,0:56,13:17,NA
SPK,2019-07-29,1:05,10:03,NA
JAK,2019-07-29,1:12,12:21,NA
SPK,2019-07-31,1:05,8:47,NA
JAK,2019-08-01,1:53,17:21,NA
JAK,2019-08-04,0:50,14:34,NA
JIK,2019-08-12,2:05,19:30,NA
SPK,2019-08-16,1:49,9:25,NA
JAK,2019-08-16,1:43,12:47,NA
JIK,2019-08-16,1:27,13:27,NA
JAK,2019-08-17,2:27,10:33,NA
BBK,2019-08-17,2:36,10:50,NA
JIK,2019-08-17,3:02,13:00,NA
JIK,2019-08-19,1:41,17:10,NA
JAK,2019-08-21,1:40,12:30,NA
SPK,2019-08-28,2:23,9:35,NA
JIK,2019-08-28,1:55,12:11,NA
SPK,2019-08-30,0:47,10:15,NA
JAK,2019-08-30,1:52,18:25,NA
JIK,2019-08-30,0:39,18:49,NA
JAK,2019-09-03,1:06,11:53,NA
JIK,2019-09-03,1:02,15:05,NA
SPK,2019-09-04,3:17,16:30,NA
JAK,2019-09-05,0:44,13:19,NA
JIK,2019-09-05,0:28,13:47,NA
JAK,2019-09-09,1:25,6:27,NA
JAK,2019-09-10,1:06,12:18,NA
JIK,2019-09-11,0:36,9:50,NA
SPK,2019-09-11,0:57,9:25,NA
JAK,2019-09-11,1:18,19:57,NA
JAK,2019-09-12,1:02,6:47,NA
JIK,2019-09-12,1:05,12:31,NA
BBK,2019-09-13,1:39,19:15,NA
JAK,2019-09-13,0:49,6:51,NA
JIK,2019-09-13,0:42,12:43,NA
SPK,2019-09-13,0:55,13:50,NA
JAK,2019-09-15,2:34,9:26,NA
JAK,2019-09-16,3:34,6:51,NA
JIK,2019-09-16,1:59,9:57,NA
JAK,2019-09-18,2:32,7:00,NA
BBK,2019-09-19,2:29,19:15,NA
JAK,2019-09-19,1:23,14:37,NA
JIK,2019-09-19,1:17,14:48,NA
JIK,2019-09-23,1:02,13:15,NA
JAK,2019-09-23,1:07,18:49,NA
JAK,2019-09-24,1:14,12:22,NA
JAK,2019-09-25,2:19,6:54,NA
BBK,2019-09-27,1:33,20:25,NA
JAK,2019-09-27,1:11,11:43,NA
SPK,2019-09-27,1:10,10:10,NA
JIK,2019-09-27,0:41,12:27,NA
JAK,2019-09-30,1:27,17:47,NA
JAK,2019-10-02,1:23,11:35,NA
SPK,2019-10-02,1:06,11:45,NA
JAK,2019-10-03,0:41,12:13,NA
JIK,2019-10-03,0:47,12:21,NA
SPK,2019-10-03,0:40,13:42,NA
JAK,2019-10-04,1:30,7:04,NA
SPK,2019-10-04,2:02,16:40,NA
SPK,2019-10-06,1:21,10:00,NA
JAK,2019-10-06,0:42,12:44,NA
JAK,2019-10-07,1:45,7:06,NA
SPK,2019-10-07,1:19,9:55,NA
JAK,2019-10-09,1:41,7:45,NA
JAK,2019-10-11,1:27,14:04,NA
JAK,2019-10-12,0:59,10:19,NA
SPK,2019-10-31,2:05,11:30,NA
JAK,2019-11-07,1:04,18:02,NA
JAK,2019-11-15,1:29,5:45,NA
JAK,2019-11-23,2:10,7:42,NA
JIK,2019-11-23,2:17,7:55,NA
JAK,2019-11-24,2:02,11:58,NA
SPK,2019-11-25,1:29,8:40,NA
JAK,2019-11-25,2:02,11:24,NA
JIK,2019-11-25,1:09,13:10,NA
JAK,2019-11-27,0:52,11:15,NA
JIK,2019-11-27,1:01,12:53,NA
BBK,2019-11-27,1:06,11:12,NA
JAK,2019-11-29,1:14,10:56,NA
JAK,2019-11-30,2:58,15:11,NA
JAK,2019-12-04,1:36,4:04,NA
SPK,2019-12-05,1:20,11:40,NA
JAK,2019-12-07,5:15,14:27,NA
JAK,2019-12-09,1:33,9:00,NA
SPK,2019-12-09,1:10,13:30,NA
JAK,2019-12-11,0:56,14:46,NA
SPK,2019-12-11,1:57,15:30,NA
JAK,2019-12-13,1:39,10:18,NA
SPK,2019-12-13,1:28,11:30,NA
BBK,2019-12-13,1:33,11:38,NA
JAK,2019-12-14,1:47,13:45,NA
JAK,2019-12-17,1:07,19:23,NA
JAK,2019-12-18,0:57,11:51,NA
SPK,2019-12-18,1:22,11:52,NA
JIK,2019-12-18,0:19,14:25,NA
JAK,2019-12-19,1:01,12:28,NA
JIK,2019-12-19,1:45,13:50,NA
JAK,2019-12-23,0:55,11:34,NA
JAK,2019-12-27,2:03,16:41,NA
JIK,2019-12-27,4:02,16:43,NA
SKK,2019-12-27,0:45,15:40,NA
AKK,2019-12-27,0:55,15:40,NA
SPK,2019-12-31,1:34,17:35,NA
SPK,2020-01-02,2:32,11:20,NA
SPK,2020-01-03,1:28,18:43,NA
JAK,2020-01-03,1:37,10:50,NA
JAK,2020-01-07,0:44,16:56,NA
SPK,2020-01-07,0:50,18:45,NA
JIK,2020-01-08,0:59,14:01,NA
JAK,2020-01-08,4:16,16:01,NA
SPK,2020-01-08,0:55,14:25,NA
JAK,2020-01-21,0:43,15:56,NA
JIK,2020-01-21,0:28,16:27,NA
JAK,2020-01-27,1:20,9:25,NA
JAK,2020-01-29,1:05,14:22,NA
JAK,2020-02-04,1:27,10:49,NA
JAK,2020-02-06,0:51,19:22,NA
JAK,2020-02-09,0:42,14:16,NA
JAK,2020-02-10,0:44,9:51,NA
JAK,2020-02-14,1:18,10:35,NA
JAK,2020-02-15,1:25,8:41,NA
SPK,2020-02-20,0:58,14:15,NA
JAK,2020-02-20,2:04,12:37,NA
JIK,2020-02-20,0:45,16:37,NA
JAK,2020-02-21,1:17,18:40,NA
JAK,2020-02-24,0:59,9:25,NA
SPK,2020-02-28,2:26,9:44,NA
JAK,2020-02-28,1:20,20:16,NA
SPK,2020-02-29,2:29,12:55,NA
JAK,2020-02-29,1:26,16:33,NA
JAK,2020-03-01,1:27,13:11,NA
JAK,2020-03-03,0:54,12:45,NA
SPK,2020-03-03,1:13,11:05,NA
JAK,2020-03-06,0:54,20:11,NA
JAK,2020-03-08,0:35,10:33,NA
SPK,2020-03-12,1:55,17:15,NA
JAK,2020-03-13,5:00,12:10,NA
JAK,2020-03-25,1:30,16:31,NA
JAK,2020-03-30,1:36,11:27,NA
JAK,2020-04-01,0:30,12:49,NA
SPK,2020-04-01,1:18,11:15,NA
SPK,2020-04-02,2:01,15:40,NA
SPK,2020-04-04,3:42,10:05,NA
SPK,2020-04-05,1:51,12:35,NA
SPK,2020-04-07,0:55,16:25,NA
SPK,2020-04-08,0:47,17:53,NA
SPK,2020-04-10,0:54,15:20,NA
JAK,2020-04-10,1:23,17:16,NA
JIK,2020-04-10,0:40,17:23,NA
SPK,2020-04-13,2:20,15:15,NA
SPK,2020-04-14,1:21,17:05,NA
JIK,2020-04-14,0:43,19:09,NA
SPK,2020-04-20,1:57,14:05,NA
SPK,2020-04-23,1:06,17:10,NA
JAK,2020-04-23,1:39,14:07,NA
JAK,2020-04-26,1:24,15:48,NA
JAK,2020-04-28,1:09,12:57,NA
SPK,2020-04-29,1:32,19:05,NA
JAK,2020-05-04,1:17,10:00,NA
SPK,2020-05-04,0:52,14:55,NA
SPK,2020-05-12,1:17,17:12,NA
SPK,2020-05-13,1:14,17:00,NA
SPK,2020-05-20,1:14,15:37,NA
SPK,2020-05-21,1:29,12:25,NA
JAK,2020-07-02,1:13,15:55,NA
JAK,2020-07-06,1:49,10:28,NA
JAK,2020-07-10,0:41,14:33,NA
JAK,2020-07-17,1:07,7:45,NA
SPK,2020-07-22,0:56,11:08,NA
JAK,2020-07-18,1:24,16:25,NA
SPK,2020-07-28,2:46,17:13,NA
SPK,2020-07-29,0:26,8:32,NA
JAK,2020-07-30,1:30,18:43,NA
JIK,2020-07-30,1:18,18:45,NA
JAK,2020-07-31,1:26,10:18,NA
BBK,2020-07-31,2:35,2:23,NA
JAK,2020-08-02,1:11,8:55,NA
SPK,2020-08-02,0:58,10:25,NA
SPK,2020-08-03,1:18,11:08,NA
JAK,2020-08-03,0:52,13:28,NA
JAK,2020-08-05,2:25,16:31,NA
JAK,2020-08-06,2:17,15:50,NA
JAK,2020-08-10,1:12,13:49,NA
SPK,2020-08-11,1:00,8:28,NA
JAK,2020-08-11,2:25,20:38,NA
SPK,2020-08-13,1:06,10:25,NA
JAK,2020-08-14,2:36,13:15,NA
JAK,2020-08-16,1:32,7:47,NA
JAK,2020-08-15,1:17,8:40,NA
SPK,2020-08-17,3:21,11:40,NA
JAK,2020-08-17,2:17,6:17,NA
SPK,2020-08-18,1:34,10:15,NA
JAK,2020-08-18,1:04,14:58,NA
JIK,2020-08-18,1:02,15:20,NA
SPK,2020-08-19,1:05,12:05,NA
JAK,2020-08-19,0:46,13:17,NA
SPK,2020-08-20,1:20,10:10,NA
JIK,2020-08-20,1:09,11:29,NA
JAK,2020-08-20,1:10,12:26,NA
JAK,2020-08-21,0:42,9:52,NA
JAK,2020-08-22,2:58,10:08,NA
JAK,2020-08-23,0:27,9:47,NA
JAK,2020-08-24,1:37,8:37,NA
JIK,2020-08-25,0:57,13:03,NA
SPK,2020-08-25,2:02,17:15,NA
SPK,2020-08-26,1:25,9:00,NA
JAK,2020-08-26,1:39,12:20,NA
JIK,2020-08-26,1:13,12:23,NA
BBK,2020-08-26,1:16,17:36,NA
JAK,2020-08-27,1:50,8:33,NA
SPK,2020-08-28,1:08,9:47,NA
JAK,2020-08-28,1:17,14:35,NA
JIK,2020-08-28,0:55,16:33,NA
JAK,2020-08-29,2:18,11:54,NA
JAK,2020-08-30,0:51,15:49,NA
JAK,2020-08-31,2:55,9:29,NA
JAK,2020-09-02,1:07,6:55,NA
SPK,2020-09-02,0:56,17:35,NA
SPK,2020-09-09,0:51,11:15,NA
SPK,2020-09-13,1:11,19:07,NA
SPK,2020-09-14,1:13,18:40,NA
SPK,2020-09-15,1:00,14:21,NA
SPK,2020-09-16,1:08,16:12,NA
SPK,2020-09-28,0:56,17:45,NA
JAK,2020-09-29,0:37,10:23,NA
JAK,2020-10-09,1:31,10:15,NA
JAK,2020-10-13,1:09,12:59,NA
JAK,2020-10-15,1:43,12:07,NA
JAK,2020-10-16,0:46,15:04,NA
SPK,2020-10-17,1:27,9:35,NA
JIK,2020-10-17,0:57,13:28,NA
JAK,2020-10-19,1:10,15:34,NA
SPK,2020-10-24,2:12,19:40,NA
JAK,2020-10-24,1:26,13:47,NA
JAK,2020-10-28,0:42,12:48,NA
JAK,2020-10-30,0:37,14:00,NA
JAK,2020-11-02,1:20,13:42,NA
JAK,2020-11-06,1:00,16:47,NA
JAK,2020-11-08,1:28,11:08,NA
SPK,2020-11-12,0:55,11:25,NA
JAK,2020-11-13,0:50,9:59,NA
JAK,2020-11-20,1:26,16:45,NA
JAK,2020-11-23,1:02,8:46,NA
JAK,2020-11-25,0:53,13:58,NA
JAK,2020-11-28,2:09,11:24,NA
JAK,2020-12-01,0:56,7:20,NA
JAK,2020-12-02,2:45,7:15,NA
JAK,2020-12-05,2:11,11:45,NA
JAK,2020-12-06,1:15,13:01,NA
JAK,2020-12-11,1:08,7:36,NA
JAK,2020-12-12,2:45,14:10,NA
JAK,2020-12-14,0:50,15:26,NA
JAK,2020-12-16,1:41,17:09,NA
JAK,2020-12-21,1:47,9:16,NA
JAK,2020-12-23,0:52,18:12,NA
JAK,2020-12-24,1:31,7:06,NA
JAK,2020-12-26,2:19,9:45,NA
JAK,2020-12-28,1:02,7:27,NA
JAK,2020-12-30,2:59,7:17,NA
SPK,2021-01-04,1:25,17:00,NA
JAK,2021-01-05,1:02,7:35,NA
JAK,2021-01-06,1:22,7:24,NA
JAK,2021-01-07,2:01,10:40,NA
JAK,2021-01-08,1:40,7:24,NA
SPK,2021-01-08,0:53,17:15,NA
SPK,2021-01-14,1:53,11:28,NA
SPK,2021-01-22,0:44,8:45,NA
JAK,2021-01-24,0:56,9:00,NA
JAK,2021-01-27,1:16,7:03,NA
JAK,2021-01-29,0:40,7:12,NA
JAK,2021-02-02,0:46,7:07,NA
JAK,2021-02-03,1:06,7:13,NA
JIK,2021-02-03,0:51,11:31,NA
JAK,2021-02-04,2:32,7:10,NA
JIK,2021-02-04,1:37,9:21,NA
JIK,2021-02-05,0:37,17:03,NA
JAK,2021-02-06,2:09,13:19,NA
JIK,2021-02-06,1:14,13:27,NA
SPK,2021-02-06,2:33,11:34,NA
JAK,2021-02-07,0:46,11:03,NA
JIK,2021-02-07,0:34,11:35,NA
SPK,2021-02-10,0:38,16:35,NA
SPK,2021-02-11,1:07,17:30,NA
SPK,2021-02-12,1:19,11:30,NA
SPK,2021-02-22,1:15,15:12,NA
SPK,2021-03-28,1:36,18:43,NA
SPK,2021-04-04,0:43,10:21,NA
SPK,2021-04-30,1:22,17:16,NA
SPK,2021-05-30,0:48,10:50,NA
SPK,2021-07-11,0:21,10:00,NA
JAK,2021-07-11,0:45,9:45,NA
SPK,2021-07-12,1:35,15:05,NA
SPK,2021-07-13,1:15,10:33,NA
JAK,2021-07-13,4:26,6:31,NA
JAK,2021-07-14,2:01,18:46,NA
JIK,2021-07-14,1:10,15:20,NA
BBK,2021-07-14,2:40,17:12,NA
SPK,2021-07-15,1:36,11:02,NA
JAK,2021-07-15,1:14,6:56,NA
JAK,2021-07-16,0:56,7:06,NA
SPK,2021-07-17,3:37,12:05,NA
JIK,2021-07-17,2:35,14:58,NA
JAK,2021-07-17,5:17,8:31,NA
JAK,2021-07-18,0:52,8:41,NA
JIK,2021-07-18,0:32,14:06,NA
JAK,2021-07-19,2:57,6:37,NA
SPK,2021-07-19,1:40,17:15,NA
JAK,2021-07-20,0:52,7:03,NA
SPK,2021-07-20,1:04,11:48,NA
JIK,2021-07-20,0:47,18:30,NA
JIK,2021-07-21,0:50,11:50,NA
SPK,2021-07-21,1:01,8:38,NA
JAK,2021-07-21,1:17,7:07,NA
JIK,2021-07-22,0:52,8:52,NA
SPK,2021-07-22,0:51,11:43,NA
JAK,2021-07-22,0:46,7:10,NA
JAK,2021-07-23,2:52,7:11,NA
JAK,2021-07-24,2:48,13:34,NA
JAK,2021-07-25,0:47,8:52,NA
JAK,2021-07-26,1:26,6:34,NA
JAK,2021-07-27,1:35,7:08,NA
SPK,2021-07-27,1:26,18:55,NA
JAK,2021-07-28,1:21,7:01,NA
JAK,2021-07-29,2:05,6:56,NA
SPK,2021-07-29,0:41,8:55,NA
SPK,2021-07-30,1:06,21:53,NA
JAK,2021-07-30,1:33,6:42,NA
JAK,2021-07-31,6:30,7:48,NA
SPK,2021-08-04,0:38,11:49,NA
JAK,2021-08-05,1:07,7:09,NA
JAK,2021-08-06,3:58,7:14,NA
SPK,2021-08-07,2:12,9:40,NA
JAK,2021-08-07,3:44,10:58,NA
JAK,2021-08-08,1:05,9:10,NA
JAK,2021-08-09,1:16,7:27,NA
JAK,2021-08-10,1:26,6:55,NA
JAK,2021-08-16,0:47,7:02,NA
SPK,2021-08-17,1:14,11:05,NA
JAK,2021-08-19,1:35,7:15,NA
SPK,2021-08-21,2:34,8:00,NA
JAK,2021-08-21,1:58,8:14,NA
JAK,2021-08-23,1:41,6:59,NA
JAK,2021-08-24,0:51,6:44,NA
SPK,2021-08-24,2:20,12:15,NA
JIK,2021-08-24,0:28,18:31,NA
SPK,2021-08-25,1:23,11:20,NA
SPK,2021-08-26,1:08,11:05,NA
JAK,2021-08-26,0:33,7:11,NA
JIK,2021-08-26,0:31,13:10,NA
JAK,2021-08-27,0:36,7:08,NA
JIK,2021-08-27,0:56,10:07,NA
SPK,2021-08-29,2:29,17:20,NA
JAK,2021-08-29,1:48,8:41,NA
JAK,2021-08-30,0:56,7:10,NA
JIK,2021-08-30,1:11,13:00,NA
SPK,2021-08-30,1:01,18:25,NA
SPK,2021-08-31,0:40,16:20,NA
JAK,2021-08-31,1:37,7:13,NA
JIK,2021-08-31,1:03,17:51,NA
JAK,2021-09-01,2:53,6:55,NA
SPK,2021-09-01,1:13,10:40,NA
JIK,2021-09-01,1:06,12:45,NA
JAK,2021-09-02,2:29,6:59,NA
JIK,2021-09-02,1:11,20:45,NA
JAK,2021-09-03,1:23,7:15,NA
JIK,2021-09-03,1:22,7:30,NA
SPK,2021-09-03,0:46,11:50,NA
JAK,2021-09-04,3:05,8:20,NA
SPK,2021-09-05,0:55,11:50,NA
JAK,2021-09-05,0:57,9:30,NA
JAK,2021-09-06,0:58,16:56,NA
SPK,2021-09-06,1:13,15:00,NA
SPK,2021-09-07,1:48,9:05,NA
JAK,2021-09-07,0:53,13:15,NA
JIK,2021-09-07,1:08,11:15,NA
SPK,2021-09-08,0:53,8:35,NA
JAK,2021-09-08,1:15,12:26,NA
JIK,2021-09-08,0:50,12:31,NA
SPK,2021-09-09,0:46,10:45,NA
JAK,2021-09-09,0:38,13:24,NA
JIK,2021-09-09,0:21,13:40,NA
JAK,2021-09-11,3:56,16:29,NA
JIK,2021-09-12,0:50,19:23,NA
JAK,2021-09-12,1:09,12:56,NA
SPK,2021-09-12,1:33,11:08,NA
JAK,2021-09-13,1:48,15:56,NA
SPK,2021-09-15,2:21,13:06,NA
BBK,2021-09-15,1:51,11:21,NA
JAK,2021-09-15,1:55,12:59,NA
JIK,2021-09-15,0:48,14:21,NA
SPK,2021-09-16,0:58,11:25,NA
JIK,2021-09-16,0:53,14:13,NA
JAK,2021-09-16,1:11,14:19,NA
SPK,2021-09-17,1:32,11:42,NA
JAK,2021-09-17,0:48,14:02,NA
JIK,2021-09-19,1:02,19:05,NA
JAK,2021-09-19,0:56,13:11,NA
JAK,2021-09-20,0:43,17:11,NA
JIK,2021-09-20,0:39,19:44,NA
SPK,2021-09-20,2:21,11:20,NA
JAK,2021-09-21,1:00,15:52,NA
JIK,2021-09-21,0:49,18:55,NA
JAK,2021-09-22,1:15,15:38,NA
JIK,2021-09-23,3:24,21:38,NA
SPK,2021-09-23,0:52,11:25,NA
JAK,2021-09-23,1:19,14:41,NA
SPK,2021-09-24,0:37,15:12,NA
JAK,2021-09-25,3:51,11:41,NA
JAK,2021-09-26,1:34,12:42,NA
SPK,2021-09-26,0:49,11:39,NA
SPK,2021-09-27,0:49,15:10,NA
JAK,2021-09-27,0:39,11:32,NA
SPK,2021-09-28,0:41,9:58,NA
JIK,2021-09-28,0:48,13:17,NA
JAK,2021-09-28,0:35,12:26,NA
SPK,2021-09-29,1:32,13:35,NA
JIK,2021-09-29,1:08,15:43,NA
SPK,2021-09-30,0:51,9:10,NA
JAK,2021-10-02,1:46,11:46,NA
JAK,2021-10-04,1:43,19:25,NA
JIK,2021-10-04,1:04,19:30,NA
JAK,2021-10-05,1:10,15:38,NA
JIK,2021-10-05,0:40,15:50,NA
SPK,2021-10-05,1:18,17:30,NA
JAK,2021-10-06,1:46,11:39,NA
JAK,2021-10-07,1:26,12:39,NA
SPK,2021-10-07,0:46,11:37,NA
JAK,2021-10-08,1:14,12:30,NA
JAK,2021-10-10,0:54,9:52,NA
JAK,2021-10-11,0:42,17:17,NA
JIK,2021-10-11,0:28,17:35,NA
SPK,2021-10-11,0:45,15:35,NA
SPK,2021-10-12,1:11,12:50,NA
JAK,2021-10-12,1:09,12:16,NA
JIK,2021-10-12,0:57,15:17,NA
SPK,2021-10-13,1:00,13:01,NA
JAK,2021-10-13,1:10,11:33,NA
JAK,2021-10-14,1:20,20:14,NA
SPK,2021-10-14,1:44,18:37,NA
JAK,2021-10-15,2:50,16:01,NA
JIK,2021-10-15,0:50,16:37,NA
JIK,2021-10-16,1:10,11:27,NA
JAK,2021-10-16,4:04,13:01,NA
JIK,2021-10-17,1:06,17:13,NA
JAK,2021-10-17,3:40,17:47,NA
SPK,2021-10-17,1:36,12:20,NA
SPK,2021-10-18,1:07,11:30,NA
JAK,2021-10-18,1:03,18:40,NA
JIK,2021-10-18,0:41,13:45,NA
JAK,2021-10-19,0:44,18:33,NA
JIK,2021-10-19,0:31,18:45,NA
SPK,2021-10-21,1:18,18:00,NA
JAK,2021-10-21,1:35,19:47,NA
JIK,2021-10-21,1:01,19:49,NA
SPK,2021-10-22,1:21,15:25,NA
JAK,2021-10-22,1:26,17:59,NA
JIK,2021-10-22,0:52,17:53,NA
JIK,2021-10-23,1:08,16:47,NA
JAK,2021-10-23,2:23,13:18,NA
SPK,2021-10-24,1:24,10:55,NA
JAK,2021-10-24,1:07,16:50,NA
JIK,2021-10-26,0:35,19:01,NA
SPK,2021-10-27,0:49,18:55,NA
JAK,2021-10-27,0:54,12:58,NA
JIK,2021-10-27,0:41,13:01,NA
BBK,2021-10-27,1:22,19:22,NA
SPK,2021-10-28,0:51,17:02,NA
JAK,2021-10-28,0:54,14:24,NA
JIK,2021-10-28,0:32,13:19,NA
SPK,2021-10-31,0:52,13:03,NA
SPK,2021-11-02,1:17,9:14,NA
JIK,2021-11-02,0:41,10:17,NA
JAK,2021-11-02,1:38,19:54,NA
SPK,2021-11-04,1:51,14:55,NA
JAK,2021-11-04,1:03,6:48,NA
JIK,2021-11-04,0:43,17:01,NA
JAK,2021-11-05,1:10,18:48,NA
JAK,2021-11-06,2:55,16:19,NA
JIK,2021-11-06,1:47,16:55,NA
JIK,2021-11-07,0:46,17:30,NA
SPK,2021-11-07,0:45,10:55,NA
SPK,2021-11-08,2:15,15:30,NA
JAK,2021-11-08,2:41,17:01,NA
JIK,2021-11-08,0:58,17:33,NA
SPK,2021-11-09,1:34,11:22,NA
JAK,2021-11-11,0:41,13:51,NA
SPK,2021-11-11,0:58,13:20,NA
JIK,2021-11-11,0:26,15:25,NA
SPK,2021-11-12,0:57,10:20,NA
JAK,2021-11-12,1:30,10:31,NA
BBK,2021-11-12,1:42,10:24,NA
SPK,2021-11-13,2:55,10:30,NA
SPK,2021-11-14,1:09,11:35,NA
JAK,2021-11-14,1:17,11:21,NA
SPK,2021-11-15,1:14,10:18,NA
JIK,2021-11-15,0:32,18:35,NA
JAK,2021-11-15,1:12,21:09,NA
BBK,2021-11-15,1:03,18:02,NA
SPK,2021-11-18,1:41,16:42,NA
JAK,2021-11-18,1:21,18:28,NA
BBK,2021-11-18,1:58,18:04,NA
SPK,2021-11-19,0:45,17:48,NA
JAK,2021-11-20,2:40,14:39,NA
JAK,2021-11-22,1:40,12:02,NA
BBK,2021-11-22,2:34,17:49,NA
JIK,2021-11-22,1:14,20:07,NA
SPK,2021-11-23,1:35,11:45,NA
JAK,2021-11-25,1:18,5:06,NA
SPK,2021-11-25,1:00,10:45,NA
SPK,2021-11-26,1:19,11:05,NA
BBK,2021-11-26,1:47,18:36,NA
SPK,2021-11-27,3:02,9:35,NA
JAK,2021-11-27,2:32,11:50,NA
JIK,2021-11-27,1:21,11:55,NA
JAK,2021-11-28,1:25,23:01,NA
SPK,2021-11-28,0:54,13:26,NA
JAK,2021-11-29,1:55,19:59,NA
BBK,2021-11-29,1:59,18:09,NA
SPK,2021-11-29,1:19,18:42,NA
JIK,2021-11-29,0:48,20:45,NA
SPK,2021-11-30,0:56,11:30,NA
BBK,2021-11-30,1:17,22:32,NA
SPK,2021-12-02,1:00,17:05,NA
BBK,2021-12-03,2:20,14:20,NA
JIK,2021-12-03,1:25,17:11,NA
JAK,2021-12-03,2:10,17:27,NA
SPK,2021-12-03,1:53,18:35,NA
JAK,2021-12-04,2:46,12:33,NA
JIK,2021-12-04,1:32,12:41,NA
SPK,2021-12-05,1:45,10:35,NA
JIK,2021-12-05,0:59,10:39,NA
JAK,2021-12-05,1:09,10:48,NA
JIK,2021-12-06,0:39,18:01,NA
SPK,2021-12-07,1:01,16:00,NA
BBK,2021-12-07,1:09,13:58,NA
SPK,2021-12-08,1:34,18:35,NA
JAK,2021-12-08,4:11,7:27,NA
JIK,2021-12-08,0:56,20:25,NA
JAK,2021-12-09,1:15,8:11,NA
JIK,2021-12-09,1:03,19:23,NA
BBK,2021-12-10,2:15,20:07,NA
JAK,2021-12-10,2:28,13:29,NA
JAK,2021-12-11,3:03,9:02,NA
SPK,2021-12-11,3:01,10:10,NA
SPK,2021-12-12,0:40,10:55,NA
JAK,2021-12-12,1:00,11:44,NA
JAK,2021-12-13,1:21,10:26,NA
SPK,2021-12-14,0:37,12:05,NA
JIK,2021-12-14,0:48,14:10,NA
JAK,2021-12-15,1:15,14:16,NA
SPK,2021-12-15,1:30,17:32,NA
JAK,2021-12-16,1:38,13:49,NA
SPK,2021-12-17,0:48,18:30,NA
SPK,2021-12-18,2:19,9:46,NA
JIK,2021-12-18,1:42,12:01,NA
SPK,2021-12-19,1:02,18:25,NA
JIK,2021-12-19,0:45,10:23,NA
JAK,2021-12-19,0:43,10:55,NA
JAK,2021-12-20,1:06,11:45,NA
JAK,2021-12-21,1:00,14:43,NA
JIK,2021-12-21,0:41,20:43,NA
SPK,2021-12-22,2:09,10:30,NA
JIK,2021-12-22,0:38,12:49,NA
JAK,2021-12-22,0:58,14:05,NA
JAK,2021-12-23,6:24,17:45,NA
JAK,2021-12-24,0:53,16:25,NA
JIK,2021-12-24,0:55,16:31,NA
BBK,2021-12-25,1:10,21:01,NA
JAK,2021-12-25,1:35,14:36,NA
SPK,2021-12-25,1:19,12:40,NA
SPK,2021-12-27,0:48,11:55,NA
JAK,2021-12-27,1:21,14:20,NA
JAK,2021-12-28,0:51,10:35,NA
SPK,2021-12-28,1:00,12:00,NA
SPK,2021-12-29,0:45,12:00,NA
JAK,2021-12-29,0:43,14:27,NA
JIK,2021-12-29,1:08,14:17,NA
SPK,2021-12-30,0:56,9:57,NA
JAK,2021-12-30,1:26,15:19,NA
JAK,2021-12-31,1:10,13:37,NA
SPK,2022-01-01,4:05,14:15,NA
JAK,2022-01-02,1:09,14:00,NA
SPK,2022-01-02,2:23,12:05,NA
JAK,2022-01-03,2:43,14:28,10
BBK,2022-01-04,1:20,20:36,10
JAK,2022-01-04,1:01,20:57,10
JAK,2022-01-05,1:40,13:15,10
JIK,2022-01-05,0:33,14:05,10
JAK,2022-01-06,0:41,11:20,10
SPK,2022-01-06,0:35,12:50,10
JIK,2022-01-06,0:33,15:35,10
MBH,2022-01-07,6:33,22:43,10
BBK,2022-01-07,1:46,20:55,10
SPK,2022-01-07,0:50,12:00,10
JAK,2022-01-07,2:02,14:31,10
JIK,2022-01-07,0:43,16:53,10
SKK,2022-01-08,2:26,9:00,16
SPK,2022-01-08,2:52,12:10,16
SPK,2022-01-09,0:37,12:09,10
SKK,2022-01-09,0:40,8:00,10
JAK,2022-01-09,2:01,8:00,10
JIK,2022-01-09,0:28,15:25,10
BBK,2022-01-10,1:24,18:58,10
MBH,2022-01-10,6:02,21:10,10
JIK,2022-01-10,0:28,21:11,10
JAK,2022-01-10,0:55,15:31,10
MBH,2022-01-11,10:42,21:41,10
JAK,2022-01-11,1:53,17:20,10
JIK,2022-01-11,1:09,17:27,10
JIK,2022-01-12,0:32,15:21,10
MBH,2022-01-12,3:22,16:15,10
JAK,2022-01-12,1:34,16:45,10
SKK,2022-01-12,0:31,7:00,10
SPK,2022-01-12,0:55,14:50,10
JAK,2022-01-13,4:08,11:58,10
JIK,2022-01-13,0:40,12:23,10
JAK,2022-01-14,2:39,12:53,10
JIK,2022-01-14,1:00,14:20,10
SPK,2022-01-14,3:26,18:20,10
JAK,2022-01-15,2:48,10:45,16
MBH,2022-01-15,10:03,11:14,16
JIK,2022-01-15,1:57,12:38,16
JAK,2022-01-16,1:52,11:02,10
JIK,2022-01-16,0:44,16:39,10
JAK,2022-01-17,2:07,15:19,10
JIK,2022-01-17,0:42,16:40,10
SPK,2022-01-17,0:52,15:00,10
MBH,2022-01-18,2:21,12:07,10
JIK,2022-01-18,0:52,12:15,10
JAK,2022-01-18,1:23,17:02,10
JIK,2022-01-19,0:47,21:05,10
SPK,2022-01-19,0:43,10:02,10
JAK,2022-01-19,1:04,16:52,10
MBH,2022-01-19,3:29,18:28,10
JAK,2022-01-20,3:13,21:48,10
JIK,2022-01-21,0:57,12:10,11
JAK,2022-01-21,3:01,12:45,11
SPK,2022-01-22,3:26,12:05,14
JIK,2022-01-22,1:54,14:25,14
JAK,2022-01-22,3:35,14:33,14
JAK,2022-01-23,1:47,8:53,10
SPK,2022-01-23,0:47,11:17,10
JIK,2022-01-24,0:56,21:35,10
MBH,2022-01-24,8:58,12:37,10
JAK,2022-01-24,4:41,12:53,10
JIK,2022-01-25,1:47,14:00,10
MBH,2022-01-25,12:50,14:02,10
SPK,2022-01-26,0:48,11:40,10
JIK,2022-01-26,0:38,15:50,10
JAK,2022-01-27,2:11,14:49,10
MBH,2022-01-27,6:35,14:58,10
JIK,2022-01-27,0:37,15:37,10
SPK,2022-01-28,1:40,18:00,10
JAK,2022-01-28,1:25,15:25,10
JIK,2022-01-28,0:40,20:27,10
JAK,2022-01-29,3:41,12:56,20
SPK,2022-01-30,2:47,11:55,10
JAK,2022-01-30,13:38,14:38,10
JIK,2022-01-30,0:38,19:27,10
SPK,2022-01-31,0:38,8:17,10
JAK,2022-01-31,1:38,10:55,10
JAK,2022-02-01,1:20,10:19,10
JIK,2022-02-01,0:55,13:00,10
JAK,2022-02-02,2:07,14:02,10
JAK,2022-02-03,0:31,15:17,10
JIK,2022-02-03,0:30,15:49,10
JIK,2022-02-04,1:00,13:25,11
JAK,2022-02-04,3:59,18:09,11
JAK,2022-02-05,2:51,8:34,16
JIK,2022-02-05,1:54,11:27,16
SPK,2022-02-05,3:27,13:10,16
SPK,2022-02-08,1:36,11:43,10
SPK,2022-02-09,2:21,16:07,10
JAK,2022-02-09,1:27,9:23,10
MBH,2022-02-09,2:20,14:25,10
BBK,2022-02-09,2:27,16:21,10
JIK,2022-02-09,1:06,14:14,10
JAK,2022-02-10,1:06,16:48,10
BBK,2022-02-10,1:27,17:00,10
JAK,2022-02-12,3:42,10:40,14
JIK,2022-01-12,2:13,14:25,14
MBH,2022-02-13,4:35,18:40,10
JAK,2022-02-13,2:01,13:27,10
SPK,2022-02-13,1:05,11:50,10
JAK,2022-02-14,2:52,17:24,10
MBH,2022-02-14,4:09,17:59,10
JIK,2022-02-14,1:23,18:36,10
SPK,2022-02-15,1:14,10:10,10
JIK,2022-02-15,0:35,13:11,10
JAK,2022-02-15,2:21,13:27,10
JAK,2022-02-16,1:55,9:47,10
SPK,2022-02-16,0:45,10:50,10
JIK,2022-02-16,1:25,13:48,10
MBH,2022-02-16,4:03,20:47,10
JAK,2022-02-17,2:09,12:45,10
JIK,2022-02-17,0:24,14:25,10
JAK,2022-02-18,4:30,16:04,10
JAK,2022-02-19,3:09,12:50,14
JIK,2022-02-19,3:33,12:55,14
SPK,2022-02-19,1:00,10:55,14
JAK,2022-02-20,2:33,10:56,10
JAK,2022-02-21,4:27,12:30,10
JIK,2022-02-21,1:08,12:41,10
SPK,2022-02-21,1:27,16:20,10
SPK,2022-02-22,0:56,17:25,10
SPK,2022-02-23,1:12,16:50,10
JIK,2022-02-24,0:28,12:30,10
JAK,2022-02-24,2:22,12:28,10
SPK,2022-02-24,1:17,10:40,10
JIK,2022-02-25,0:36,13:37,10
SPK,2022-02-25,2:28,12:01,10
JAK,2022-02-25,2:40,16:37,10
JAK,2022-02-26,3:27,9:34,16
JIK,2022-02-26,1:49,15:30,16
SPK,2022-02-27,1:38,10:27,10
MBH,2022-02-28,9:31,12:43,10
JIK,2022-02-28,0:52,18:10,10
SPK,2022-02-28,0:39,17:18,10
JAK,2022-02-28,6:16,20:10,10
JIK,2022-03-01,0:30,15:45,10
JAK,2022-03-01,2:09,15:52,10
SPK,2022-03-01,1:35,17:38,10
JIK,2022-03-02,0:30,9:41,10
JAK,2022-03-02,1:00,9:44,10
SPK,2022-03-02,0:59,16:55,10
JIK,2022-03-03,1:07,8:21,10
JAK,2022-03-03,4:04,14:14,10
SPK,2022-03-03,2:07,17:20,10
JAK,2022-03-04,2:17,19:38,10
JAK,2022-03-05,2:05,16:18,16
JAK,2022-03-06,1:33,8:57,10
JIK,2022-03-07,0:48,14:47,10
SPK,2022-03-07,3:00,17:45,10
JAK,2022-03-07,1:25,19:52,10
SPK,2022-03-08,0:38,18:55,10
MBH,2022-03-08,3:59,21:59,10
BBK,2022-03-09,3:08,19:23,10
JIK,2022-03-09,1:06,14:31,10
JAK,2022-03-09,2:18,15:28,10
MBH,2022-03-09,6:03,15:43,10
SPK,2022-03-09,1:00,16:30,10
SPK,2022-03-10,3:22,16:45,10
JAK,2022-03-10,1:22,19:17,10
JAK,2022-03-11,3:56,16:54,10
SPK,2022-03-11,1:15,15:40,10
JIK,2022-03-11,0:37,20:23,10
JAK,2022-03-12,6:06,16:11,18
JIK,2022-03-14,1:22,10:44,10
JAK,2022-03-14,1:14,11:52,10
JAK,2022-03-15,2:12,16:05,10
SPK,2022-03-15,0:40,17:55,10
MBH,2022-03-15,4:30,20:14,10
SPK,2022-03-16,1:15,17:05,10
SPK,2022-03-17,2:05,11:00,10
JIK,2022-03-17,0:39,19:09,10
JAK,2022-03-18,3:44,13:02,10
SPK,2022-03-18,1:50,15:55,10
JIK,2022-03-18,1:02,18:10,10
JIK,2022-03-20,1:53,9:39,10
JIK,2022-03-21,0:39,10:25,10
SPK,2022-03-21,1:04,11:52,10
JAK,2022-03-22,1:52,8:46,10
SPK,2022-03-22,1:11,15:55,10
SPK,2022-03-23,3:01,17:55,10
JIK,2022-03-24,0:30,9:23,10
SPK,2022-03-24,2:16,18:15,10
JAK,2022-03-25,1:55,16:35,10
JIK,2022-03-25,0:26,16:45,10
MBH,2022-03-25,1:28,16:59,10
SPK,2022-03-25,0:52,15:30,10
SPK,2022-03-26,5:23,9:10,14
JAK,2022-03-26,2:19,5:08,14
SPK,2022-03-27,2:11,11:40,10
JAK,2022-03-27,4:00,9:51,10
MBH,2022-03-28,4:36,21:05,10
JIK,2022-03-28,0:52,15:30,10
JAK,2022-03-29,1:00,8:31,10
SPK,2022-03-29,0:37,18:10,10
JIK,2022-03-30,0:41,11:59,10
JAK,2022-03-30,1:27,16:53,10
MBH,2022-03-30,3:17,17:03,10
SPK,2022-03-30,1:29,18:00,10
SPK,2022-03-31,0:29,11:21,10
JIK,2022-03-31,0:30,13:47,10
JAK,2022-03-31,0:39,13:58,10
JAK,2022-04-01,4:19,13:51,10
JIK,2022-04-01,0:28,14:01,10
SPK,2022-04-02,1:54,9:10,14
JAK,2022-04-03,3:38,11:12,10
JIK,2022-04-03,1:00,16:45,10
SPK,2022-04-04,2:03,9:15,10
JIK,2022-04-04,0:45,10:30,10
JAK,2022-04-05,2:08,10:15,10
JIK,2022-04-05,0:52,14:27,10
SPK,2022-04-05,0:49,17:43,10
JIK,2022-04-06,0:19,10:47,10
JAK,2022-04-06,0:45,10:54,10
SPK,2022-04-07,0:54,9:25,10
JAK,2022-04-07,1:49,12:34,10
JAK,2022-04-07,0:46,14:27,10
SPK,2022-04-08,2:23,9:45,10
JAK,2022-04-08,1:30,12:39,10
JIK,2022-04-08,0:29,15:03,10
JIK,2022-04-10,0:29,19:45,10
JAK,2022-04-11,2:21,10:35,10
JIK,2022-04-11,0:51,10:57,10
JIK,2022-04-12,1:04,12:03,10
JAK,2022-04-12,4:20,16:55,10
JIK,2022-04-13,0:53,8:37,10
JAK,2022-04-13,1:18,15:44,10
JIK,2022-04-14,0:22,10:15,10
JAK,2022-04-14,1:16,10:21,10
SPK,2022-04-14,0:16,18:30,10
JIK,2022-04-15,0:33,0:05,10
JIK,2022-04-17,0:48,21:53,10
JAK,2022-04-17,1:27,14:50,10
JIK,2022-04-18,0:24,20:25,10
SPK,2022-04-18,1:26,18:35,10
JIK,2022-04-19,0:36,10:23,10
JAK,2022-04-19,1:16,12:42,10
SPK,2022-04-19,1:38,18:35,10
JIK,2022-04-20,0:34,8:25,10
SPK,2022-04-20,0:45,18:56,10
JIK,2022-04-21,1:02,9:45,10
JAK,2022-04-21,2:13,13:35,10
JAK,2022-04-22,1:58,7:49,10
JIK,2022-04-22,0:34,10:22,10
JIK,2022-04-23,1:13,8:55,17
JAK,2022-04-23,2:18,9:56,17
JAK,2022-04-24,0:53,13:50,10
SPK,2022-04-24,0:39,12:25,10
JAK,2022-04-25,1:14,10:31,10
JAK,2022-04-25,1:15,12:09,10
SPK,2022-04-25,1:05,10:20,10
JAK,2022-04-26,1:29,9:59,10
JIK,2022-04-26,1:11,10:00,10
SPK,2022-04-26,1:50,11:50,10
JIK,2022-04-27,0:18,9:29,10
SPK,2022-04-27,1:41,10:20,10
SPK,2022-04-28,0:38,18:20,10
JAK,2022-04-28,1:04,20:26,10
JIK,2022-04-28,0:31,20:33,10
JAK,2022-04-29,1:38,19:09,10
JAK,2022-04-30,7:07,10:58,16
SPK,2022-04-30,1:40,11:33,16
SPK,2022-05-01,0:59,9:40,10
JIK,2022-05-01,0:50,11:03,10
JIK,2022-05-02,1:09,10:17,10
JAK,2022-05-02,5:46,15:51,10
SPK,2022-05-02,2:53,17:35,10
JAK,2022-05-03,2:32,8:56,10
JIK,2022-05-03,1:13,9:20,10
SPK,2022-05-03,2:59,10:20,10
JAK,2022-05-04,1:01,16:07,10
JIK,2022-05-04,0:44,11:25,10
SPK,2022-05-04,0:37,17:12,10
JIK,2022-05-05,0:54,9:40,10
SPK,2022-05-05,1:43,8:53,10
JAK,2022-05-06,1:02,8:55,10
JIK,2022-05-06,0:51,14:13,10
JAK,2022-05-07,4:20,9:52,14
SPK,2022-05-07,2:31,10:40,14
JIK,2022-05-07,1:59,15:41,14
JIK,2022-05-08,0:52,12:03,10
JAK,2022-05-09,1:12,8:08,10
JIK,2022-05-09,0:47,12:17,10
SPK,2022-05-09,0:36,16:45,10
JAK,2022-05-10,1:29,6:27,10
JIK,2022-05-10,0:48,10:13,10
SPK,2022-05-10,0:49,10:58,10
JIK,2022-05-11,0:36,10:19,10
JAK,2022-05-11,4:02,16:14,10
SPK,2022-05-11,1:21,16:45,10
JIK,2022-05-12,3:46,10:28,10
JAK,2022-05-12,1:39,11:49,10
SPK,2022-05-12,1:00,11:20,10
JAK,2022-05-13,1:16,9:49,10
JIK,2022-05-13,0:27,10:03,10
JAK,2022-05-15,2:36,6:49,10
SPK,2022-05-15,2:51,11:10,10
JIK,2022-05-16,1:23,10:25,11
JAK,2022-05-16,3:49,10:45,11
SPK,2022-05-16,2:33,11:45,11
JIK,2022-05-17,1:12,10:15,10
JAK,2022-05-17,1:02,12:00,10
SPK,2022-05-17,0:33,16:06,10
JIK,2022-05-18,0:30,10:15,10
JAK,2022-05-18,4:33,14:49,10
JIK,2022-05-19,0:15,13:23,10
SPK,2022-05-19,0:55,11:35,10
JAK,2022-05-19,1:48,15:09,10
JIK,2022-05-20,0:47,11:41,10
SPK,2022-05-20,1:08,10:40,10
JAK,2022-05-20,4:20,15:59,10
JAK,2022-05-21,3:20,14:12,14
SPK,2022-05-21,1:16,12:15,14
JAK,2022-05-22,2:05,13:11,10
JIK,2022-05-22,0:59,15:11,10
JIK,2022-05-23,0:58,8:55,10
JAK,2022-05-23,3:21,18:49,10
JIK,2022-05-24,1:14,10:25,10
SPK,2022-05-24,0:52,11:01,10
JAK,2022-05-24,1:49,18:00,10
JIK,2022-05-25,0:37,11:25,10
JAK,2022-05-25,1:42,14:38,10
SPK,2022-05-25,0:32,16:28,10
JAK,2022-05-26,2:49,9:44,10
JIK,2022-05-26,1:01,14:43,10
SPK,2022-05-26,2:10,17:40,10
SPK,2022-05-27,0:35,13:06,10
JIK,2022-05-27,0:29,10:20,10
JAK,2022-05-27,1:33,18:54,10
MBH,2022-05-27,5:35,22:38,10
JAK,2022-05-28,2:25,12:07,14
JIK,2022-05-28,1:18,13:23,14
SPK,2022-05-28,2:14,11:50,14
JIK,2022-05-29,0:29,11:03,10
SPK,2022-05-29,0:49,13:32,10
JIK,2022-05-29,0:49,13:32,10
JIK,2022-05-30,0:43,0:30,10
SPK,2022-05-30,0:53,15:10,10
JAK,2022-05-31,1:16,8:51,10
JIK,2022-05-31,0:46,10:17,10
SPK,2022-05-31,0:47,9:16,10
SPK,2022-06-01,0:49,16:13,10
JAK,2022-06-01,1:27,18:51,10
JAK,2022-06-02,2:15,6:07,10
SPK,2022-06-02,3:34,17:15,10
SPK,2022-06-03,0:36,10:57,10
JAK,2022-06-03,1:00,2):58,10
JAK,2022-06-04,6:34,13:46,14
SPK,2022-06-05,1:14,12:05,10
JAK,2022-06-05,1:37,14:46,10
JAK,2022-06-06,1:06,13:25,10
MBH,2022-06-06,2:53,13:32,10
SPK,2022-06-06,1:46,15:10,10
JIK,2022-06-07,0:31,8:37,10
JAK,2022-06-07,2:24,14:35,10
JAK,2022-06-08,1:43,11:12,10
JIK,2022-06-08,0:57,11:40,10
SPK,2022-06-08,1:41,9:55,10
JAK,2022-06-09,1:38,10:05,10
MBH,2022-06-09,2:32,11:22,10
JIK,2022-06-09,0:35,11:31,10
SPK,2022-06-09,1:00,10:53,10
JIK,2022-06-10,0:38,13:35,10
JAK,2022-06-10,1:18,18:50,10
SPK,2022-06-10,1:03,18:05,10
SPK,2022-06-11,3:37,9:35,16
SPK,2022-06-12,1:55,13:45,10
MBH,2022-06-12,6:07,22:32,10
JAK,2022-06-12,2:55,15:55,10
JIK,2022-06-13,0:27,9:25,10
SPK,2022-06-13,0:43,17:05,10
JAK,2022-06-13,1:26,20:39,10
MBH,2022-06-14,2:00,9:26,10
JIK,2022-06-14,0:28,11:55,10
JAK,2022-06-14,1:00,16:09,10
SPK,2022-06-14,0:43,18:50,10
JIK,2022-06-15,0:53,11:05,11
JAK,2022-06-15,1:15,17:01,11
SPK,2022-06-15,2:01,18:12,11
JIK,2022-06-16,1:06,10:18,10
JAK,2022-06-16,1:01,10:23,10
MBH,2022-06-16,5:44,10:33,10
SPK,2022-06-16,1:07,17:17,10
JAK,2022-06-17,3:03,0:19,10
JIK,2022-06-17,0:45,10:09,10
JAK,2022-06-18,3:40,12:45,16
SPK,2022-06-19,1:13,10:10,10
JIK,2022-06-20,0:33,13:08,10
JAK,2022-06-20,2:01,20:00,10
JIK,2022-06-21,0:35,10:10,10
JAK,2022-06-21,0:59,13:01,10
JIK,2022-06-23,0:51,9:30,10
JIK,2022-06-24,0:52,16:00,10
SPK,2022-06-24,1:20,18:20,10
SPK,2022-06-25,2:20,10:30,14
JAK,2022-06-25,7:31,12:57,14
JIK,2022-06-26,0:34,16:10,10
JAK,2022-06-26,2:15,16:56,10
JAK,2022-06-27,4:27,8:52,10
JIK,2022-06-27,0:42,16:00,10
JIK,2022-06-28,0:51,10:11,10
JIK,2022-06,29,0:45,9:30,10
SPK,2022-06-29,1:55,18:59,10
JAK,2022-06-30,8:08,7:41,10
JIK,2022-06-30,1:15,10:05,10
JIK,2022-07-01,1:03,10:38,10
JAK,2022-07-01,7:33,15:15,10
JIK,2022-07-02,1:55,13:20,17
JAK,2022-07-02,14:09,13:39,17
JIK,2022-07-05,0:48,10:21,10
SPK,2022-07-05,1:31,10:50,10
JAK,2022-07-06,3:11,10:07,10
JIK,2022-07-06,1:06,11:30,10
SPK,2022-07-06,1:18,18:31,10
JIK,2022-07-07,0:36,11:05,10
SPK,2022-07-07,0:57,9:07,10
JAK,2022-07-07,1:50,13:02,10
SPK,2022-07-10,0:59,16:45,10
JAK,2022-07-10,2:10,12:01,10
JAK,2022-07-11,1:15,9:41,10
JIK,2022-07-11,0:54,10:35,10
SPK,2022-07-11,1:25,18:08,10
JAK,2022-07-12,2:35,11:00,10
JIK,2022-07-12,0:42,16:30,10
SPK,2022-07-12,2:33,17:15,10
JAK,2022-07-13,1:05,13:02,10
JIK,2022-07-13,0:36,14:19,10
SPK,2022-07-13,0:58,18:35,10
MBH,2022-07-16,10:44,13:07,16
SPK,2022-07-17,2:38,11:45,10
JIK,2022-07-17,0:48,14:30,10
JAK,2022-07-17,2:55,18:15,10
SPK,2022-07-18,1:40,18:55,10
MBH,2022-07-20,4:20,9:35,10
JAK,2022-07-20,9:31,15:25,10
JAK,2022-07-24,4:41,7:33,10
JAK,2022-07-25,4:45,14:58,10
SPK,2022-07-26,0:36,11:45,10
JIK,2022-07-26,0:32,18:20,10
JAK,2022-07-26,2:35,18:18,10
SPK,2022-07-27,0:32,17:45,10
SPK,2022-07-28,2:07,16:50,10
JAK,2022-07-28,8:20,19:21,10
SPK,2022-07-29,1:43,17:55,10
JAK,2022-07-30,5:04,14:18,14
JAK,2022-07-31,5:22,6:03,10
MBH,2022-08-01,3:52,10:55,10
JAK,2022-08-02,1:07,10:56,10
SPK,2022-08-02,1:08,18:20,10
JAK,2022-08-03,4:05,14:03,10
JAK,2022-08-04,1:12,10:56,10
JAK,2022-08-05,5:10,11:10,10
SPK,2022-08-05,1:50,17:30,10
SPK,2022-08-06,4:24,11:25,14
JAK,2022-08-06,9:22,17:40,14
JIK,2022-08-07,1:07,21:45,10
JAK,2022-08-07,3:41,11:27,10
JAK,2022-08-08,1:12,9:41,10
SPK,2022-08-08,1:18,16:55,10
JAK,2022-08-09,2:59,9:48,10
JIK,2022-08-10,1:14,10:10,10
SPK,2022-08-10,1:22,8:57,10
JAK,2022-08-11,4:26,17:40,10
SPK,2022-08-11,0:44,17:00,10
JIK,2022-08-12,1:26,9:27,10
JAK,2022-08-12,5:19,17:45,10
JAK,2022-08-13,4:56,1:19,14
SPK,2022-08-13,3:37,12:25,14
JIK,2022-08-14,0:30,12:20,10
SPK,2022-08-14,1:16,10:25,10
JIK,2022-08-15,1:05,10:49,10
JAK,2022-08-15,1:23,11:07,10
SPK,2022-08-15,3:33,9:35,10
JIK,2022-08-16,0:35,11:48,10
JAK,2022-08-16,2:22,10:11,10
SPK,2022-08-16,0:59,18:05,10
JAK,2022-08-17,2:24,9:21,10
JIK,2022-08-17,0:37,9:29,10
SPK,2022-08-17,1:57,11:55,10
JIK,2022-08-18,0:31,10:21,10
JAK,2022-08-18,1:56,11:00,10
JIK,2022-08-19,0:46,10:44,10
JAK,2022-08-19,3:12,11:00,10
SPK,2022-08-19,2:11,11:15,10
JAK,2022-08-20,4:32,9:35,16
JIK,2022-08-20,1:07,12:25,16
SPK,2022-08-21,1:15,9:35,10
SPK,2022-08-22,1:34,8:55,10
JIK,2022-08-22,0:47,11:55,10
JAK,2022-08-22,2:09,12:44,10
JIK,2022-08-23,0:35,9:41,10
JAK,2022-08-23,3:37,9:43,10
SPK,2022-08-23,1:03,9:15,10
JIK,2022-08-24,0:59,11:45,10
JIK,2022-08-25,1:11,9:00,10
JAK,2022-08-25,4:59,9:09,10
JAK,2022-08-26,3:55,8:46,10
JIK,2022-08-26,1:02,10:21:10
SPK,2022-08-27,2:15,12:30,14
JIK,2022-08-27,1:19,15:27,14
JIK,2022-08-29,0:56,8:13,10
JAK,2022-08-29,4:13,8:56,10
JIK,2022-08-30,0:53,8:19,10
SPK,2022-08-30,3:25,17:50,10
JIK,2022-08-31,0:36,12:15,10
SPK,2022-08-31,1:17,18:40,10
JAK,2022-09-01,2:15,8:56,10
JIK,2022-09-01,0:58,9:40,10
SPK,2022-09-01,1:19,18:40,10
JAK,2022-09-02,1:53,8:56,10
JIK,2022-09-02,0:43,11:25,10
SPK,2022-09-02,0:42,18:43,10
JIK,2022-09-03,1:45,11:10,14
SPK,2022-09-03,1:23,11:15,14
JAK,2022-09-04,1:51,2:31,10
SPK,2022-09-04,0:46,9:38,10
JIK,2022-09-05,0:44,14:05,10
SPK,2022-09-05,1:58,12:10,10
JAK,2022-09-05,3:18,14:48,10
JAK,2022-09-06,2:03,8:43,10
SPK,2022-09-06,1:42,18:55,10
JIK,2022-09-07,0:51,12:33,10
SPK,2022-09-07,1:08,18:32,10
JIK,2022-09-08,1:03,10:39,11
SPK,2022-09-08,2:39,18:55,11
JAK,2022-09-09,5:13,8:51,10
JIK,2022-09-09,0:55,10:55,10
SPK,2022-09-09,3:02,12:45,10
JAK,2022-09-10,3:17,8:51,14
JIK,2022-09-12,1:03,11:15,10
SPK,2022-09-12,0:35,16:20,10
JIK,2022-09-13,0:36,10:19,10
SPK,2022-09-13,3:09,18:35,10
JIK,2022-09-14,0:25,11:13,10
SPK,2022-09-14,0:56,11:10,10
JIK,2022-09-15,0:33,9:17,10
JIK,2022-09-16,0:53,8:52,10
SPK,2022-09-16,1:06,17:35,10
JAK,2022-09-17,1:52,8:39,16
JIK,2022-09-19,0:45,12:12,10
SPK,2022-09-19,1:10,16:35,10
JIK,2022-09-20,1:30,9:50,10
SPK,2022-09-20,1:11,16:20,10
JIK,2022-09-21,0:57,9:58,10
SPK,2022-09-21,0:36,11:50,10
JIK,2022-09-22,0:38,9:29,10
JAK,2022-09-22,1:58,13:18,10
SPK,2022-09-22,0:56,11:40,10
JIK,2022-09-23,0:40,13:33,10
SPK,2022-09-24,3:23,12:50,16
JAK,2022-09-25,8:09,8:54,10
JIK,2022-09-26,0:52,9:29,10
JIK,2022-09-27,0:53,8:55,10
MBH,2022-09-28,2:36,22:23,10
SPK,2022-09-28,0:16,18:38,10
SPK,2022-09-29,2:22,15:50,10
JIK,2022-09-30,0:30,12:13,10
SPK,2022-10-01,4:30,9:00,18
JIK,2022-10-02,0:53,10:58,10
SPK,2022-10-03,0:48,9:40,10
JIK,2022-10-04,0:59,9:35,10
SPK,2022-10-04,1:01,18:40,10
JIK,2022-10-05,0:43,9:57,10
SPK,2022-10-05,1:01,9:50,10
SPK,2022-10-10,0:46,10:27,10
SPK,2022-10-13,1:43,11:00,10
SPK,2022-10-14,0:42,15:40,10
JIK,2022-10-15,2:00,16:45,14
SPK,2022-10-18,0:46,11:20,10
SPK,2022-10-19,1:45,18:20,10
SPK,2022-10-20,1:56,9:25,10
SPK,2022-10-22,2:32,13:45,16
JIK,2022-10-23,0:39,18:38,10
JIK,2022-10-24,0:42,10:03,10
SPK,2022-10-24,1:45,16:35,10
JIK,2022-10-25,0:50,14:32,10
SPK,2022-10-25,0:58,16:35,10
JIK,2022-10-26,0:54,13:28,10
SPK,2022-10-26,0:54,15:43,10
JIK,2022-10-27,0:45,12:31,12
SPK,2022-10-27,1:52,18:40,12
JIK,2022-10-28,0:39,11:09,10
SPK,2022-10-28,1:03,11:18,10
SPK,2022-11-01,2:06,10:30,10
SPK,2022-11-02,2:27,17:05,10
SPK,2022-11-03,1:08,16:55,10
SPK,2022-11-04,1:07,18:42,10
JIK,2022-11-05,1:33,13:40,16
SPK,2022-11-06,2:09,10:20,10
SPK,2022-11-07,0:49,16:33,10
SPK,2022-11-08,0:37,11:30,10
JIK,2022-11-08,0:24,14:35,10
JIK,2022-11-08,0:24,14:35,10
SPK,2022-11-10,1:04,17:30,10
JIK,2022-11-10,0:31,16:08,10
SPK,2022-11-21,1:26,16:10,10
SPK,2022-11-22,1:22,18:50,10
SPK,2022-12-11,1:32,13:37,10
SPK,2022-12-15,1;11,18:40,10
SPK,2022-12-17,1:52,10:47,16
SPK,2022-12-20,1:26,16:15,10
SPK,2022-12-21,0:49,10:40,10
SPK,2022-12-22,0:53,16:50,10
SPK,2022-12-30,1:07,9:05,10
SPK,2023-01-02,1:18,10:08,10
SPK,2023-01-04,0:17,10:33,10
SPK,2023-01-07,5:09,9:20,18
MBH,2023-01-10,2:12,10:00,10
SPK,2023-01-10,0:33,16:50,10
SPK,2023-01-11,1:38,10:47,10
SPK,2023-01-13,1:04,17:38,10
SPK,2023-01-15,0:43,12:38,10
MBH,2023-01-19,5:33,8:48,10
SPK,2023-01-19,2:14,17:00,10
BBK,2023-01-19,1:15,17:56,10
MBH,2023-01-20,6:54,9:10,10
MBH,2023-01-21,7:56,10:11,18
MBH,2023-01-24,2:55,9:15,10
MBH,2023-01-26,2:47,9:40,8
SPK,2023-01-26,1:59,18:55,8
SPK,2023-01-27,1:48,9:25,10
MBH,2023-02-03,2:35,9:21,10
SPK,2023-02-03,1:05,15:45,10
JIK,2023-02-04,1:32,16:55,14
MBH,2023-02-05,3:03,18:19,10
MBH,2023-02-06,2:45,13:49,10
SPK,2023-02-06,1:04,18:56,10
SPK,2023-02-07,1:08,16:25,10
SPK,2023-02-07,1:08,16:25,10
SPK,2023-02-08,0:57,10:55,10
SPK,2023-02-09,0:54,18:59,10
MBH,2023-02-12,13:47,18:22,10
SPK,2023-02-12,2:01,19:20,10
MBH,2023-02-13,2:01,11:44,10
MBH,2023-02-14,2:23,17:09,10
SPK,2023-02-14,0:35,15:30,10
